,season,week,winner,w_rank,w_pts,home_away,loser,l_rank,l_pts
0,1989,1,Illinois,22,14,@,Southern California,5,13
1,1989,2,Clemson,10,34,@,Florida State,16,23
2,1989,3,Colorado,8,38,,Illinois,10,7
3,1989,3,Notre Dame,1,24,@,Michigan,2,19
4,1989,4,Arizona,23,20,,Washington,11,17
5,1989,4,Michigan,5,24,@,UCLA,24,23
6,1989,4,Pittsburgh,13,30,,Syracuse,10,23
7,1989,4,Southern California,12,42,,Ohio State,25,3
8,1989,5,Colorado,5,45,@,Washington,21,28
10,1989,5,Southern California,11,18,@,Washington State,19,17
11,1989,5,Tennessee,12,21,,Auburn,4,14
12,1989,6,Florida State,22,41,@,Syracuse,17,10
13,1989,6,Washington State,21,51,@,Oregon,23,38
14,1989,7,Michigan,5,10,@,Michigan State,21,7
15,1989,7,Notre Dame,1,41,@,Air Force,17,27
16,1989,8,Alabama,10,47,,Tennessee,6,30
17,1989,8,Arizona,22,23,@,Washington State,15,21
18,1989,8,Florida State,14,22,,Auburn,11,14
19,1989,8,Notre Dame,1,28,,Southern California,9,24
20,1989,9,Alabama,6,17,@,Penn State,14,16
21,1989,9,Arkansas,13,45,,Houston,12,39
22,1989,9,Florida State,9,24,,Miami (FL),2,10
23,1989,9,North Carolina State,20,20,@,South Carolina,25,10
24,1989,9,Notre Dame,1,45,,Pittsburgh,7,7
25,1989,10,Auburn,12,10,,Florida,19,7
26,1989,10,Colorado,2,27,,Nebraska,3,21
27,1989,10,Penn State,16,19,,West Virginia,13,9
28,1989,10,Virginia,24,20,@,North Carolina State,18,9
29,1989,11,Miami (FL),7,24,@,Pittsburgh,14,3
30,1989,11,Michigan,3,24,@,Illinois,8,10
31,1989,11,Southern California,9,24,@,Arizona,25,3
32,1989,12,Notre Dame,1,34,@,Penn State,17,23
33,1989,13,Arkansas,9,23,@,Texas A&M,14,22
34,1989,13,Houston,13,40,,Texas Tech,18,24
35,1989,13,Miami (FL),7,27,,Notre Dame,1,10
36,1989,13,Michigan,3,28,,Ohio State,20,18
37,1989,13,Penn State,22,16,@,Pittsburgh,19,13
38,1989,14,Auburn,11,30,,Alabama,2,20
39,1989,17,Michigan State,22,33,@,Hawaii,25,13
40,1989,18,Texas Tech,24,49,,Duke,20,21
41,1989,18,Penn State,18,50,,Brigham Young,19,39
42,1989,18,Clemson,14,27,,West Virginia,17,7
43,1989,18,Pittsburgh,23,31,,Texas A&M,16,28
44,1989,19,Auburn,9,31,,Ohio State,21,14
45,1989,19,Florida State,5,41,,Nebraska,6,17
46,1989,19,Illinois,11,31,,Virginia,15,21
47,1989,19,Miami (FL),2,33,,Alabama,7,25
48,1989,19,Notre Dame,4,21,,Colorado,1,6
49,1989,19,Southern California,12,17,,Michigan,3,10
50,1989,19,Tennessee,8,31,,Arkansas,10,27
52,1990,3,Brigham Young,16,28,,Miami (FL),1,21
53,1990,3,Oklahoma,23,34,@,UCLA,19,14
54,1990,3,Virginia,14,20,,Clemson,9,7
55,1990,4,Illinois,21,23,,Colorado,9,22
56,1990,4,Notre Dame,1,28,,Michigan,4,24
57,1990,4,Oklahoma,14,52,,Pittsburgh,13,10
58,1990,5,Colorado,20,29,@,Texas,22,22
59,1990,5,Notre Dame,1,20,@,Michigan State,24,19
60,1990,5,Washington,21,31,,Southern California,5,0
61,1990,6,Colorado,20,20,,Washington,12,14
62,1990,6,Southern California,18,35,@,Ohio State,15,26
64,1990,7,Illinois,13,31,@,Ohio State,20,20
65,1990,7,Miami (FL),9,31,,Florida State,2,22
66,1990,8,Georgia Tech,18,21,,Clemson,15,19
67,1990,8,Houston,12,36,,Texas A&M,20,31
68,1990,8,Tennessee,5,45,,Florida,9,3
69,1990,8,Washington,17,38,,Oregon,19,17
70,1990,9,Auburn,5,20,,Florida State,7,17
71,1990,9,Illinois,8,15,,Michigan State,24,13
72,1990,9,Iowa,22,24,@,Michigan,10,23
73,1990,9,Notre Dame,6,29,,Miami (FL),2,20
74,1990,10,Colorado,10,32,,Oklahoma,22,23
75,1990,11,Colorado,9,27,@,Nebraska,3,12
76,1990,11,Florida,15,48,,Auburn,4,7
77,1990,11,Georgia Tech,16,41,@,Virginia,1,38
78,1990,11,Iowa,13,54,@,Illinois,5,28
79,1990,11,Washington,7,54,,Arizona,23,10
80,1990,12,Brigham Young,8,45,@,Wyoming,25,14
81,1990,12,Michigan,19,22,,Illinois,17,17
82,1990,12,Notre Dame,1,34,@,Tennessee,9,29
83,1990,12,Texas,14,45,,Houston,3,24
84,1990,13,Penn State,18,24,@,Notre Dame,1,21
85,1990,13,Tennessee,14,22,,Mississippi,15,13
86,1990,14,Michigan,15,16,@,Ohio State,19,13
87,1990,14,Notre Dame,7,10,@,Southern California,18,6
88,1990,15,Florida State,8,45,,Florida,6,30
89,1990,18,Florida State,6,24,,Penn State,7,17
90,1990,19,Michigan State,22,17,,Southern California,21,16
91,1990,20,Clemson,14,30,,Illinois,16,0
92,1990,20,Colorado,1,10,,Notre Dame,5,9
93,1990,20,Georgia Tech,2,45,,Nebraska,19,21
94,1990,20,Louisville,18,34,,Alabama,25,7
95,1990,20,Miami (FL),4,46,,Texas,3,3
96,1990,20,Michigan,12,35,,Mississippi,15,3
97,1990,20,Washington,8,46,,Iowa,17,34
98,1991,1,Penn State,7,34,,Georgia Tech,8,22
99,1991,1,Florida State,1,44,,Brigham Young,19,28
100,1991,2,UCLA,23,27,,Brigham Young,25,23
101,1991,3,Miami (FL),2,40,,Houston,10,10
102,1991,3,Baylor,23,16,@,Colorado,12,14
103,1991,3,Florida,6,35,,Alabama,16,0
104,1991,3,Michigan,3,24,,Notre Dame,7,14
105,1991,3,Tennessee,11,30,,UCLA,21,16
106,1991,4,Syracuse,18,38,,Florida,5,21
107,1991,4,Tennessee,6,26,,Mississippi State,23,24
108,1991,4,Washington,4,36,@,Nebraska,9,21
109,1991,5,Clemson,7,9,,Georgia Tech,19,7
110,1991,5,Florida,14,29,,Mississippi State,21,7
111,1991,5,Florida State,1,51,@,Michigan,3,31
112,1991,5,Nebraska,16,18,@,Arizona State,24,9
113,1991,5,Tennessee,5,30,,Auburn,13,21
114,1991,6,California,18,27,@,UCLA,24,24
115,1991,6,Florida State,1,46,,Syracuse,10,14
116,1991,6,Michigan,7,43,@,Iowa,9,24
117,1991,6,North Carolina State,19,28,,Georgia Tech,21,21
118,1991,7,Florida,10,35,,Tennessee,4,18
119,1991,7,Georgia,22,37,@,Mississippi,23,17
120,1991,7,Illinois,20,10,,Ohio State,11,7
121,1991,7,Miami (FL),2,26,,Penn State,9,20
122,1991,7,Notre Dame,7,42,,Pittsburgh,12,7
123,1991,8,Alabama,14,24,,Tennessee,8,19
124,1991,8,Colorado,22,34,@,Oklahoma,12,17
125,1991,8,Iowa,15,24,,Illinois,13,21
126,1991,8,Syracuse,24,31,@,Pittsburgh,20,27
127,1991,8,Texas A&M,19,34,@,Baylor,16,12
128,1991,8,Washington,3,24,@,California,7,17
129,1991,9,Clemson,19,29,,North Carolina State,12,19
130,1991,9,East Carolina,20,24,,Pittsburgh,23,23
131,1991,10,Baylor,21,9,@,Arkansas,24,5
132,1991,10,Iowa,11,16,@,Ohio State,13,9
134,1991,11,Florida,6,45,,Georgia,23,13
135,1991,11,Iowa,10,38,,Indiana,25,21
136,1991,11,Tennessee,13,35,@,Notre Dame,5,34
137,1991,11,Virginia,24,42,@,North Carolina State,18,10
138,1991,12,Miami (FL),2,17,@,Florida State,1,16
139,1991,12,Michigan,4,20,@,Illinois,25,0
140,1991,12,Penn State,8,35,,Notre Dame,12,13
141,1991,13,Michigan,4,31,,Ohio State,18,3
142,1991,13,Stanford,21,38,,California,6,21
143,1991,14,Nebraska,11,19,,Oklahoma,19,14
144,1991,14,Florida,5,14,,Florida State,3,9
145,1991,17,Alabama,8,30,,Colorado,15,25
146,1991,17,Oklahoma,20,48,,Virginia,19,14
147,1991,19,California,14,37,,Clemson,13,13
148,1991,19,East Carolina,12,37,,North Carolina State,21,34
149,1991,19,Florida State,5,10,,Texas A&M,9,2
150,1991,19,Miami (FL),1,22,,Nebraska,11,0
151,1991,19,Notre Dame,18,39,,Florida,3,28
152,1991,19,Penn State,6,42,,Tennessee,10,17
153,1991,19,Syracuse,16,24,,Ohio State,25,17
154,1991,19,Washington,2,34,,Michigan,4,14
155,1992,1,Texas A&M,7,10,,Stanford,17,7
156,1992,2,Miami (FL),1,24,@,Iowa,23,7
157,1992,3,Florida State,5,24,@,Clemson,15,20
159,1992,3,Tennessee,20,34,@,Georgia,14,31
160,1992,4,Florida State,3,34,@,North Carolina State,16,13
161,1992,4,Ohio State,21,35,@,Syracuse,8,12
162,1992,4,Tennessee,14,31,,Florida,4,14
163,1992,4,Virginia,20,55,,Georgia Tech,22,24
164,1992,4,Washington,2,29,,Nebraska,12,14
165,1992,5,UCLA,11,35,,San Diego State,21,7
166,1992,6,Mississippi State,24,30,,Florida,13,6
167,1992,6,Georgia Tech,23,16,,North Carolina State,21,13
168,1992,6,Miami (FL),2,19,,Florida State,3,16
169,1992,6,Stanford,18,33,@,Notre Dame,6,16
170,1992,6,Washington,1,17,,Southern California,20,10
171,1992,7,Clemson,25,29,@,Virginia,10,28
172,1992,7,Miami (FL),2,17,@,Penn State,7,14
173,1992,7,Stanford,11,19,@,UCLA,19,7
174,1992,7,Washington,1,35,,California,24,16
175,1992,8,Alabama,4,17,@,Tennessee,13,10
176,1992,8,Boston College,20,35,@,Penn State,9,32
177,1992,8,Florida State,6,29,@,Georgia Tech,16,24
178,1992,8,Syracuse,14,20,@,West Virginia,24,17
179,1992,9,North Carolina State,23,20,,Clemson,18,6
180,1992,9,Southern California,15,31,,Washington State,13,21
181,1992,10,Florida,20,26,,Georgia,7,24
182,1992,10,Florida State,6,13,@,Virginia,23,3
184,1992,10,Washington,2,41,,Stanford,15,7
185,1992,11,Arizona,12,16,,Washington,1,3
186,1992,11,Nebraska,7,49,,Kansas,13,7
187,1992,11,Notre Dame,8,54,,Boston College,9,7
188,1992,11,Stanford,21,23,,Southern California,11,9
189,1992,12,Alabama,2,30,@,Mississippi State,16,21
190,1992,12,Colorado,13,25,@,Kansas,20,18
191,1992,12,Notre Dame,8,17,,Penn State,22,16
192,1992,12,Southern California,18,14,,Arizona,9,7
193,1992,12,Stanford,15,40,,Washington State,21,3
194,1992,12,Syracuse,10,27,@,Boston College,17,10
195,1992,13,Miami (FL),1,16,@,Syracuse,8,10
197,1992,13,North Carolina State,13,42,,Wake Forest,25,14
198,1992,14,Florida State,3,45,,Florida,6,24
199,1992,14,Mississippi,24,17,,Mississippi State,16,10
200,1992,14,Notre Dame,5,31,@,Southern California,19,23
201,1992,15,Alabama,2,28,,Florida,12,21
202,1992,18,Florida,14,27,,North Carolina State,12,10
203,1992,18,Alabama,2,34,,Miami (FL),1,13
204,1992,18,Florida State,3,27,,Nebraska,11,14
205,1992,18,Georgia,8,21,,Ohio State,15,14
206,1992,18,Michigan,7,38,,Washington,9,31
207,1992,18,Notre Dame,5,28,,Texas A&M,4,3
208,1992,18,Stanford,13,24,,Penn State,21,3
209,1992,18,Syracuse,6,26,,Colorado,10,22
210,1992,18,Tennessee,17,38,,Boston College,16,23
211,1992,18,North Carolina,19,21,,Mississippi State,24,17
212,1993,1,North Carolina,20,31,@,Southern California,18,9
213,1993,2,Miami (FL),3,23,@,Boston College,20,7
214,1993,2,Washington,12,31,,Stanford,15,14
215,1993,3,Colorado,10,45,,Baylor,24,21
216,1993,3,Florida State,1,57,,Clemson,21,0
217,1993,3,Notre Dame,11,27,@,Michigan,3,23
218,1993,3,Ohio State,16,21,,Washington,12,12
219,1993,3,Oklahoma,17,44,,Texas A&M,5,14
220,1993,3,Tennessee,8,38,,Georgia,22,6
221,1993,4,Florida,9,41,,Tennessee,5,34
222,1993,4,Florida State,1,33,@,North Carolina,13,7
223,1993,4,Stanford,20,41,,Colorado,7,37
224,1993,5,Miami (FL),3,35,@,Colorado,13,29
225,1993,5,North Carolina,18,35,@,North Carolina State,19,14
226,1993,7,Florida State,1,28,,Miami (FL),3,10
227,1993,7,UCLA,25,68,,Brigham Young,19,14
228,1993,7,Washington,13,24,@,California,16,23
229,1993,7,West Virginia,24,36,,Louisville,17,34
230,1993,8,Auburn,19,38,,Florida,4,35
231,1993,8,Colorado,20,27,@,Oklahoma,9,10
232,1993,8,Florida State,1,40,,Virginia,15,14
233,1993,8,Michigan,18,21,@,Penn State,7,13
234,1993,8,Ohio State,5,28,,Michigan State,25,21
236,1993,8,UCLA,22,39,,Washington,12,25
237,1993,9,Arizona,7,9,,Washington State,25,6
238,1993,9,Miami (FL),6,49,,Syracuse,23,0
239,1993,9,Virginia,21,17,,North Carolina,12,10
240,1993,10,Indiana,23,10,,Michigan State,22,0
241,1993,10,Kansas State,25,21,,Oklahoma,14,7
242,1993,10,Nebraska,6,21,@,Colorado,20,17
243,1993,10,Ohio State,3,24,,Penn State,12,6
244,1993,10,UCLA,15,37,,Arizona,7,17
245,1993,10,Wisconsin,21,13,,Michigan,24,10
247,1993,11,Penn State,19,38,,Indiana,17,31
248,1993,11,Tennessee,7,45,,Louisville,13,10
249,1993,12,Notre Dame,2,31,,Florida State,1,24
250,1993,12,Ohio State,5,23,,Indiana,19,17
251,1993,12,Texas A&M,11,42,,Louisville,20,7
252,1993,13,Auburn,6,22,,Alabama,11,14
253,1993,13,Boston College,17,41,@,Notre Dame,1,39
254,1993,13,UCLA,16,27,@,Southern California,22,21
255,1993,13,Virginia Tech,25,20,@,Virginia,23,17
256,1993,13,West Virginia,9,17,,Miami (FL),4,14
257,1993,14,Nebraska,2,21,,Oklahoma,16,7
258,1993,14,West Virginia,5,17,@,Boston College,11,14
259,1993,14,Florida State,1,33,@,Florida,7,21
260,1993,14,Penn State,14,38,@,Michigan State,25,37
261,1993,15,Florida,9,28,@,Alabama,16,13
262,1993,15,Wisconsin,10,41,,Michigan State,25,20
263,1993,17,Colorado,17,41,,Fresno State,25,30
264,1993,18,Alabama,18,24,,North Carolina,12,10
265,1993,18,Virginia Tech,22,45,,Indiana,21,20
266,1993,18,Arizona,16,29,,Miami (FL),10,0
267,1993,18,Florida,8,41,,West Virginia,3,7
268,1993,18,Florida State,1,18,,Nebraska,2,16
269,1993,18,Notre Dame,4,24,,Texas A&M,7,21
270,1993,18,Penn State,13,31,,Tennessee,6,13
271,1993,18,Wisconsin,9,21,@,UCLA,14,16
272,1994,1,Nebraska,4,31,,West Virginia,24,0
273,1994,2,Southern California,17,24,,Washington,23,17
274,1994,2,UCLA,14,25,,Tennessee,13,23
275,1994,3,Michigan,6,26,@,Notre Dame,3,24
276,1994,3,Penn State,8,38,,Southern California,14,14
277,1994,3,Tennessee,19,41,@,Georgia,23,23
278,1994,3,Texas A&M,16,36,,Oklahoma,15,14
279,1994,3,Washington,25,25,,Ohio State,18,16
280,1994,4,Colorado,7,55,,Wisconsin,10,17
281,1994,4,Florida,1,31,@,Tennessee,15,0
282,1994,4,Nebraska,2,49,,UCLA,13,21
283,1994,5,Colorado,7,27,@,Michigan,4,26
284,1994,5,Florida State,3,31,,North Carolina,13,18
285,1994,5,Washington,17,38,@,Miami (FL),6,20
286,1994,5,Washington State,22,21,@,UCLA,18,0
287,1994,5,Wisconsin,16,62,,Indiana,25,13
288,1994,6,Colorado,5,34,@,Texas,16,31
289,1994,7,Colorado State,23,21,@,Arizona,6,16
290,1994,7,Miami (FL),13,34,,Florida State,3,20
291,1994,7,Texas,15,17,,Oklahoma,16,10
292,1994,8,Arizona,14,10,@,Washington State,20,7
293,1994,8,Auburn,6,36,@,Florida,1,33
294,1994,8,Colorado,4,45,,Oklahoma,22,7
295,1994,8,Nebraska,2,17,@,Kansas State,16,6
296,1994,8,Penn State,3,31,@,Michigan,5,24
297,1994,9,Colorado,2,35,,Kansas State,19,21
298,1994,9,Utah,18,45,@,Colorado State,12,31
299,1994,9,Virginia,25,34,,North Carolina,15,10
300,1994,10,Florida State,9,59,,Duke,16,20
301,1994,10,Miami (FL),6,24,,Virginia Tech,13,3
302,1994,10,Nebraska,3,24,,Colorado,2,7
303,1994,10,Penn State,1,63,,Ohio State,21,14
304,1994,11,Duke,23,28,,Virginia,13,25
305,1994,11,Miami (FL),5,27,@,Syracuse,10,6
306,1994,11,Southern California,22,23,@,Washington State,16,10
307,1994,12,Alabama,6,29,@,Mississippi State,20,25
308,1994,12,Boston College,25,31,,Syracuse,14,0
309,1994,12,Southern California,17,45,,Arizona,13,28
310,1994,13,Alabama,4,21,,Auburn,6,14
311,1994,13,Florida State,8,34,@,North Carolina State,25,3
312,1994,13,Ohio State,22,22,,Michigan,15,6
313,1994,13,Utah,21,34,,Brigham Young,20,31
314,1994,13,Virginia,16,42,@,Virginia Tech,14,23
316,1994,14,Miami (FL),5,23,,Boston College,25,7
317,1994,15,Florida,6,24,,Alabama,3,23
318,1994,18,Utah,14,16,,Arizona,15,13
319,1994,18,Michigan,20,24,,Colorado State,10,14
320,1994,18,Nebraska,1,24,@,Miami (FL),3,17
321,1994,18,North Carolina State,23,28,,Mississippi State,16,24
322,1994,19,Alabama,6,24,,Ohio State,13,17
323,1994,19,Florida State,7,23,,Florida,5,17
324,1994,19,Penn State,2,38,,Oregon,12,20
325,1995,1,Michigan,14,18,,Virginia,17,17
326,1995,1,Ohio State,12,38,,Boston College,22,6
327,1995,2,Colorado,14,43,@,Wisconsin,21,7
328,1995,2,Michigan,13,38,@,Illinois,25,14
329,1995,2,UCLA,15,31,,Miami (FL),12,8
330,1995,3,Virginia,16,29,@,North Carolina State,23,24
331,1995,4,Florida,4,62,,Tennessee,8,37
332,1995,4,Ohio State,10,30,,Washington,18,20
333,1995,4,Oregon,20,38,@,UCLA,12,31
334,1995,5,Colorado,7,29,,Texas A&M,3,21
335,1995,5,Notre Dame,21,55,,Texas,13,27
336,1995,5,Southern California,5,31,@,Arizona,25,10
337,1995,6,Colorado,4,38,@,Oklahoma,10,17
338,1995,6,Ohio State,7,45,,Notre Dame,15,26
339,1995,7,Florida,3,28,@,Louisiana State,21,10
340,1995,7,Kansas,24,40,@,Colorado,4,24
341,1995,7,Northwestern,25,19,@,Michigan,7,13
342,1995,7,Notre Dame,23,29,@,Washington,15,21
343,1995,7,Ohio State,5,28,@,Penn State,12,25
344,1995,7,Tennessee,10,49,@,Arkansas,18,31
345,1995,8,Florida,3,49,@,Auburn,7,38
346,1995,8,Ohio State,4,27,@,Wisconsin,21,16
347,1995,8,Tennessee,6,41,@,Alabama,11,14
349,1995,8,Washington,24,38,@,Stanford,16,28
350,1995,9,Kansas,7,38,@,Oklahoma,15,17
351,1995,9,Nebraska,2,49,,Kansas State,8,25
352,1995,9,Northwestern,11,35,,Wisconsin,24,0
353,1995,9,Notre Dame,17,38,,Southern California,5,10
354,1995,9,Penn State,19,41,@,Iowa,18,27
355,1995,9,Texas,16,17,,Virginia,14,16
356,1995,10,Kansas State,14,41,,Kansas,6,7
357,1995,10,Nebraska,2,44,@,Colorado,7,21
358,1995,10,Ohio State,4,56,,Iowa,25,35
360,1995,11,Virginia,24,33,,Florida State,2,28
361,1995,11,Kansas State,9,49,,Oklahoma,25,10
362,1995,11,Northwestern,6,21,,Penn State,12,10
363,1995,11,Oregon,19,24,@,Washington,15,22
364,1995,11,Texas,13,48,,Texas Tech,23,7
365,1995,12,Nebraska,1,41,@,Kansas,10,3
366,1995,13,Auburn,21,31,,Alabama,17,27
367,1995,13,Colorado,9,27,@,Kansas State,7,17
368,1995,13,Penn State,19,27,,Michigan,12,17
369,1995,13,Virginia Tech,20,36,@,Virginia,13,29
370,1995,14,Florida,3,35,,Florida State,6,24
371,1995,14,Miami (FL),25,35,,Syracuse,22,24
372,1995,14,Michigan,18,31,,Ohio State,2,23
373,1995,15,Florida,2,34,,Arkansas,23,3
374,1995,15,Texas,9,16,@,Texas A&M,16,6
375,1995,18,Texas A&M,19,22,,Michigan,14,20
376,1995,18,Virginia Tech,13,28,,Texas,9,10
377,1995,19,Colorado,7,38,,Oregon,12,6
378,1995,19,Florida State,8,31,,Notre Dame,6,26
379,1995,19,Penn State,15,43,,Auburn,16,14
380,1995,19,Southern California,17,41,,Northwestern,3,32
382,1995,20,Nebraska,1,62,,Florida,2,24
383,1996,1,Penn State,11,24,,Southern California,7,7
384,1996,3,North Carolina,24,27,@,Syracuse,9,10
385,1996,4,Michigan,11,20,@,Colorado,5,13
386,1996,5,Arizona State,17,19,,Nebraska,1,0
387,1996,5,Florida,4,35,@,Tennessee,2,29
388,1996,5,Louisiana State,21,19,@,Auburn,13,15
389,1996,5,Notre Dame,9,27,@,Texas,6,24
390,1996,6,Florida State,2,13,,North Carolina,11,0
391,1996,6,Ohio State,4,29,@,Notre Dame,5,16
392,1996,6,Virginia,19,37,,Texas,13,13
393,1996,7,Nebraska,7,39,@,Kansas State,16,3
394,1996,7,Northwestern,22,17,,Michigan,6,16
395,1996,7,Ohio State,3,38,,Penn State,4,7
396,1996,8,Florida,1,56,,Louisiana State,12,13
397,1996,8,Florida State,3,34,@,Miami (FL),6,16
398,1996,8,Notre Dame,11,54,,Washington,16,20
399,1996,9,Florida,1,51,,Auburn,16,10
400,1996,10,Florida State,3,31,,Virginia,14,24
401,1996,10,Miami (FL),25,10,@,West Virginia,12,7
402,1996,10,Ohio State,2,38,@,Iowa,20,26
403,1996,10,Tennessee,6,20,,Alabama,7,13
404,1996,11,Penn State,15,34,,Northwestern,11,9
405,1996,12,Alabama,10,26,@,Louisiana State,11,0
406,1996,12,Northwestern,18,40,@,Iowa,23,13
407,1996,13,Colorado,6,12,,Kansas State,9,0
408,1996,13,Florida State,3,54,,Southern Mississippi,25,14
409,1996,13,Penn State,11,29,@,Michigan,16,17
410,1996,13,Syracuse,19,42,,Army,22,17
411,1996,13,Virginia,24,20,,North Carolina,6,17
412,1996,13,Virginia Tech,21,21,@,Miami (FL),18,7
413,1996,14,Michigan,21,13,@,Ohio State,2,9
414,1996,14,Virginia Tech,17,31,,West Virginia,23,14
415,1996,15,Nebraska,4,17,,Colorado,5,12
416,1996,15,Virginia Tech,17,26,,Virginia,20,9
417,1996,15,Florida State,2,24,,Florida,1,21
418,1996,15,Miami (FL),23,38,@,Syracuse,16,31
419,1996,16,Brigham Young,6,28,,Wyoming,20,25
420,1996,16,Florida,4,45,,Alabama,11,30
421,1996,19,Colorado,8,33,,Washington,13,21
422,1996,20,Nebraska,6,41,,Virginia Tech,10,21
423,1996,20,Alabama,16,17,,Michigan,15,14
424,1996,20,Brigham Young,5,19,,Kansas State,14,15
425,1996,20,North Carolina,12,20,,West Virginia,25,13
426,1996,20,Ohio State,4,20,,Arizona State,2,17
427,1996,20,Penn State,7,38,,Texas,20,15
428,1996,20,Tennessee,9,48,,Northwestern,11,28
429,1996,20,Florida,3,52,,Florida State,1,20
430,1997,1,Syracuse,17,34,,Wisconsin,24,0
431,1997,3,Colorado,8,31,,Colorado State,24,21
432,1997,3,Florida State,5,14,@,Southern California,23,7
433,1997,3,Washington,4,42,@,Brigham Young,19,20
434,1997,4,Arizona State,24,23,@,Miami (FL),13,12
435,1997,4,Michigan,14,27,,Colorado,8,3
436,1997,4,North Carolina,7,28,,Stanford,17,17
437,1997,5,Auburn,12,31,@,Louisiana State,10,28
438,1997,5,Florida,3,33,,Tennessee,4,20
439,1997,5,Florida State,5,35,@,Clemson,16,28
440,1997,5,Nebraska,7,27,@,Washington,2,14
441,1997,7,Nebraska,3,56,,Kansas State,17,26
442,1997,7,Ohio State,7,23,,Iowa,11,7
443,1997,7,Texas A&M,21,16,@,Colorado,16,10
444,1997,7,Washington,10,26,,Arizona State,25,14
445,1997,8,Louisiana State,14,28,,Florida,1,21
446,1997,8,Oklahoma State,20,33,,Colorado,24,29
447,1997,8,Penn State,2,31,,Ohio State,7,27
448,1997,8,Tennessee,9,38,,Georgia,13,13
449,1997,9,Florida,7,24,@,Auburn,6,10
450,1997,9,Florida State,3,38,,Georgia Tech,21,0
451,1997,9,Kansas State,20,36,,Texas A&M,14,17
452,1997,9,Michigan,5,28,,Iowa,15,24
453,1997,10,Michigan,5,23,@,Michigan State,15,7
454,1997,10,West Virginia,21,30,,Virginia Tech,19,17
455,1997,11,Arizona State,20,44,,Washington State,10,31
456,1997,11,Georgia,14,37,,Florida,6,17
457,1997,11,Iowa,15,35,,Purdue,18,17
458,1997,11,Ohio State,9,37,@,Michigan State,21,13
459,1997,11,Texas A&M,25,28,,Oklahoma State,19,25
460,1997,12,Florida State,3,20,@,North Carolina,5,3
461,1997,12,Michigan,4,34,@,Penn State,2,8
462,1997,12,Tennessee,8,44,,Southern Mississippi,24,20
463,1997,13,Auburn,16,45,@,Georgia,7,34
464,1997,13,Michigan,1,26,@,Wisconsin,23,16
465,1997,13,Penn State,6,42,@,Purdue,19,17
466,1997,13,UCLA,9,52,,Washington,13,28
467,1997,14,Florida,10,32,,Florida State,2,29
468,1997,14,Michigan,1,20,,Ohio State,4,14
469,1997,14,Penn State,6,35,,Wisconsin,24,10
470,1997,14,Washington State,11,41,@,Washington,17,35
471,1997,16,Nebraska,2,54,,Texas A&M,14,15
472,1997,16,Tennessee,3,30,,Auburn,11,29
473,1997,18,Washington,21,51,,Michigan State,25,23
474,1997,19,Colorado State,18,35,,Missouri,19,24
475,1997,20,Purdue,17,33,,Oklahoma State,24,20
476,1997,20,Kansas State,10,35,,Syracuse,14,18
477,1997,20,Florida,6,21,,Penn State,11,6
478,1997,20,Florida State,4,31,,Ohio State,9,14
479,1997,20,Michigan,1,21,,Washington State,8,16
480,1997,20,UCLA,5,29,,Texas A&M,20,23
481,1997,20,Nebraska,2,42,,Tennessee,3,17
482,1998,1,Colorado State,15,23,@,Michigan State,23,16
483,1998,1,Florida State,2,23,,Texas A&M,14,14
484,1998,2,Virginia,16,19,@,Auburn,25,0
485,1998,2,Notre Dame,22,36,,Michigan,5,20
486,1998,2,Ohio State,1,34,@,West Virginia,11,17
487,1998,2,Penn State,13,34,,Southern Mississippi,21,6
488,1998,2,Tennessee,10,34,@,Syracuse,17,33
489,1998,2,Washington,18,42,@,Arizona State,8,38
490,1998,3,Syracuse,19,38,@,Michigan,13,28
491,1998,3,UCLA,6,49,,Texas,23,31
492,1998,4,Ohio State,1,35,,Missouri,21,14
493,1998,4,Tennessee,6,20,,Florida,2,17
494,1998,5,Florida State,10,30,,Southern California,18,10
495,1998,5,Nebraska,2,55,,Washington,9,7
496,1998,6,Arizona,14,31,@,Washington,20,28
497,1998,6,Georgia,12,28,@,Louisiana State,6,27
498,1998,6,Ohio State,1,28,,Penn State,7,9
499,1998,7,Florida,6,22,,Louisiana State,11,10
500,1998,7,Kansas State,5,16,@,Colorado,14,9
501,1998,7,Tennessee,4,22,@,Georgia,7,3
502,1998,7,Texas A&M,18,28,,Nebraska,2,21
503,1998,7,UCLA,3,52,@,Arizona,10,28
504,1998,8,Colorado,19,19,,Texas Tech,22,17
505,1998,8,Georgia Tech,25,41,,Virginia,7,38
506,1998,8,UCLA,2,41,,Oregon,11,38
507,1998,9,Florida State,6,34,@,Georgia Tech,20,7
508,1998,9,Nebraska,7,20,,Missouri,19,13
509,1998,9,Texas A&M,8,17,,Texas Tech,25,10
510,1998,10,Arizona,13,38,,Oregon,12,3
511,1998,10,Florida,6,38,,Georgia,11,7
512,1998,10,Virginia Tech,20,27,,West Virginia,21,13
513,1998,11,Florida State,6,45,,Virginia,12,14
514,1998,11,Michigan,22,27,,Penn State,9,0
515,1998,12,Air Force,23,10,@,Wyoming,25,3
516,1998,12,Kansas State,2,40,,Nebraska,11,30
517,1998,12,Michigan,15,27,,Wisconsin,8,10
518,1998,12,Tennessee,1,28,,Arkansas,10,24
519,1998,12,Texas A&M,6,17,,Missouri,13,14
520,1998,13,Florida State,5,23,,Florida,4,12
521,1998,13,Kansas State,2,31,@,Missouri,19,25
522,1998,13,Ohio State,7,31,,Michigan,11,16
523,1998,13,Wisconsin,13,24,,Penn State,16,3
524,1998,14,Georgia Tech,17,21,@,Georgia,12,19
525,1998,14,Syracuse,21,66,,Miami (FL),19,13
526,1998,14,Virginia,16,36,@,Virginia Tech,20,32
527,1998,15,Tennessee,1,24,,Mississippi State,23,14
528,1998,15,Texas A&M,10,36,,Kansas State,2,33
529,1998,18,Arizona,5,23,,Nebraska,14,20
530,1998,18,Georgia,19,35,,Virginia,13,33
531,1998,18,Georgia Tech,12,35,,Notre Dame,17,28
532,1998,18,Michigan,15,45,,Arkansas,11,31
533,1998,18,Ohio State,3,24,,Texas A&M,8,14
534,1998,18,Texas,20,38,,Mississippi State,25,11
535,1998,18,Wisconsin,9,38,@,UCLA,6,31
536,1998,18,Florida,7,31,,Syracuse,18,10
537,1998,19,Tennessee,1,23,,Florida State,2,16
538,1999,1,Penn State,3,41,,Arizona,4,7
539,1999,1,Miami (FL),12,23,,Ohio State,9,12
540,1999,2,Michigan,7,26,,Notre Dame,16,22
541,1999,3,Florida State,1,41,,Georgia Tech,10,35
542,1999,3,Ohio State,13,42,,UCLA,14,20
543,1999,3,Purdue,20,28,,Notre Dame,16,23
544,1999,4,Brigham Young,25,34,,Colorado State,23,13
545,1999,4,Florida,4,23,,Tennessee,2,21
546,1999,4,Florida State,1,42,,North Carolina State,20,11
547,1999,4,Penn State,3,27,@,Miami (FL),8,23
548,1999,5,Michigan,4,21,@,Wisconsin,20,16
549,1999,6,Alabama,21,40,@,Florida,3,39
550,1999,6,Kansas State,13,35,@,Texas,15,17
551,1999,6,Michigan,4,38,,Purdue,11,12
552,1999,6,Virginia Tech,8,31,@,Virginia,24,7
553,1999,7,Florida State,1,31,,Miami (FL),19,21
554,1999,7,Michigan State,11,34,,Michigan,3,31
555,1999,7,Ohio State,21,25,,Purdue,17,22
556,1999,7,Tennessee,6,37,,Georgia,10,20
557,1999,7,Wisconsin,20,20,@,Minnesota,25,17
558,1999,8,Alabama,11,30,@,Mississippi,22,24
559,1999,8,Penn State,2,23,,Ohio State,18,10
560,1999,8,Purdue,20,52,,Michigan State,5,28
561,1999,8,Virginia Tech,4,62,,Syracuse,16,0
562,1999,9,Ohio State,22,20,@,Minnesota,24,17
563,1999,9,Penn State,2,31,@,Purdue,16,25
564,1999,9,Tennessee,5,21,@,Alabama,10,7
565,1999,9,Texas,18,24,,Nebraska,3,20
566,1999,9,Wisconsin,17,40,,Michigan State,11,10
567,1999,10,Alabama,14,35,,Southern Mississippi,20,14
568,1999,10,Florida,5,30,,Georgia,10,14
569,1999,11,Michigan State,19,23,,Ohio State,20,7
570,1999,11,Nebraska,9,37,,Texas A&M,21,0
571,1999,11,Tennessee,4,38,,Notre Dame,24,14
572,1999,11,Wisconsin,10,28,@,Purdue,17,21
573,1999,12,Alabama,11,19,,Mississippi State,8,7
574,1999,12,Michigan,16,31,@,Penn State,6,27
575,1999,12,Nebraska,7,41,,Kansas State,5,15
576,1999,12,Virginia Tech,2,43,,Miami (FL),19,10
577,1999,13,Arkansas,22,14,,Mississippi State,12,9
578,1999,13,Florida State,1,30,@,Florida,3,23
579,1999,13,Georgia,21,20,@,Mississippi,16,17
580,1999,13,Michigan State,15,35,,Penn State,13,28
581,1999,14,Mississippi State,18,23,,Mississippi,23,20
582,1999,14,Texas A&M,24,20,,Texas,7,16
583,1999,14,Virginia Tech,2,38,,Boston College,22,14
584,1999,14,Georgia Tech,20,51,,Georgia,16,48
585,1999,15,Alabama,7,34,,Florida,5,7
586,1999,15,Nebraska,3,22,,Texas,12,6
587,1999,18,Penn State,13,24,,Texas A&M,18,0
588,1999,18,Arkansas,24,27,,Texas,14,6
589,1999,18,Georgia,21,28,,Purdue,19,25
590,1999,18,Miami (FL),23,28,,Georgia Tech,17,13
591,1999,18,Michigan,8,35,,Alabama,5,34
592,1999,18,Michigan State,9,37,,Florida,10,34
593,1999,18,Wisconsin,4,17,,Stanford,22,9
594,1999,18,Nebraska,3,31,,Tennessee,6,21
595,1999,19,Florida State,1,46,,Virginia Tech,2,29
596,2000,1,Southern California,15,29,,Penn State,22,5
597,2000,2,Tennessee,13,19,,Southern Mississippi,22,16
598,2000,3,Nebraska,1,27,@,Notre Dame,23,24
599,2000,3,Washington,15,34,,Miami (FL),4,29
600,2000,4,Florida,6,27,@,Tennessee,11,23
601,2000,4,Notre Dame,21,23,,Purdue,13,21
602,2000,4,Southern Mississippi,25,21,@,Alabama,15,0
603,2000,4,UCLA,14,23,,Michigan,3,20
604,2000,5,Michigan,10,35,@,Illinois,19,31
605,2000,5,Michigan State,23,27,,Notre Dame,16,21
606,2000,6,Michigan,9,13,,Wisconsin,17,10
607,2000,6,Oregon,20,23,,Washington,6,16
608,2000,7,Georgia,19,21,,Tennessee,21,10
609,2000,7,Miami (FL),7,27,,Florida State,1,24
610,2000,7,Mississippi State,20,17,,Auburn,15,10
611,2000,7,Ohio State,8,23,@,Wisconsin,24,7
612,2000,7,Oklahoma,10,63,,Texas,11,14
613,2000,7,Washington,13,33,,Oregon State,23,30
614,2000,8,Florida,10,38,,Auburn,19,7
615,2000,8,Oklahoma,8,41,@,Kansas State,2,31
616,2000,8,Purdue,21,41,@,Northwestern,17,28
617,2000,9,Oregon,7,14,,Arizona,21,10
618,2000,9,Oregon State,19,44,@,UCLA,23,38
619,2000,10,Florida,8,34,,Georgia,13,23
620,2000,10,Florida State,6,58,@,North Carolina State,21,14
621,2000,10,Oklahoma,3,31,,Nebraska,1,14
622,2000,10,Purdue,16,31,,Ohio State,12,27
623,2000,11,Florida State,4,54,,Clemson,10,7
624,2000,11,Miami (FL),3,41,,Virginia Tech,2,21
625,2000,11,Northwestern,21,54,,Michigan,12,51
626,2000,12,Auburn,22,29,,Georgia,14,26
627,2000,12,Florida,5,41,,South Carolina,21,21
628,2000,12,Kansas State,16,29,,Nebraska,4,28
629,2000,12,Oklahoma,1,35,@,Texas A&M,23,31
630,2000,13,Clemson,16,16,,South Carolina,25,14
631,2000,13,Florida State,3,30,,Florida,4,7
632,2000,13,Michigan,19,38,@,Ohio State,12,26
633,2000,13,Oregon State,8,23,,Oregon,5,13
634,2000,14,Texas,12,43,,Texas A&M,22,17
635,2000,14,Georgia Tech,18,27,@,Georgia,19,15
636,2000,15,Florida,7,28,,Auburn,18,6
637,2000,15,Oklahoma,1,27,,Kansas State,8,24
638,2000,17,Colorado State,23,22,,Louisville,22,17
639,2000,17,Oregon,8,35,,Texas,12,30
640,2000,17,Nebraska,9,66,,Northwestern,18,17
641,2000,18,Kansas State,11,35,,Tennessee,21,21
642,2000,18,Michigan,17,31,,Auburn,20,28
643,2000,18,Oregon State,5,41,,Notre Dame,10,9
644,2000,18,Virginia Tech,6,41,,Clemson,16,20
645,2000,18,Washington,4,34,,Purdue,14,24
646,2000,19,Miami (FL),2,37,,Florida,7,20
647,2000,19,Oklahoma,1,13,,Florida State,3,2
648,2001,2,Oregon,7,31,,Wisconsin,22,28
649,2001,2,UCLA,17,20,@,Alabama,25,17
650,2001,3,Fresno State,19,32,@,Wisconsin,23,20
651,2001,3,Nebraska,5,27,,Notre Dame,17,10
652,2001,3,South Carolina,21,14,@,Georgia,25,9
653,2001,3,Washington,15,23,,Michigan,11,18
654,2001,4,South Carolina,18,16,@,Mississippi State,17,14
655,2001,4,UCLA,14,13,,Ohio State,21,6
656,2001,5,Florida,2,52,,Mississippi State,21,0
657,2001,5,Michigan,17,45,,Illinois,22,20
658,2001,5,Northwestern,16,27,,Michigan State,23,26
659,2001,5,Oklahoma,3,38,,Kansas State,11,37
660,2001,5,Tennessee,7,26,,Louisiana State,14,18
661,2001,5,UCLA,12,38,@,Oregon State,19,7
662,2001,6,Florida,2,44,@,Louisiana State,18,15
663,2001,6,Oklahoma,3,14,,Texas,5,3
664,2001,7,Maryland,22,20,@,Georgia Tech,15,17
665,2001,7,Colorado,20,31,,Texas A&M,25,21
666,2001,7,Miami (FL),2,49,@,Florida State,14,27
667,2001,7,Michigan,12,24,,Purdue,17,10
668,2001,7,UCLA,7,35,,Washington,10,13
669,2001,8,Texas,9,41,,Colorado,14,7
670,2001,9,Florida,6,24,,Georgia,15,10
671,2001,9,Florida State,19,52,,Maryland,10,31
672,2001,9,Nebraska,3,20,,Oklahoma,2,10
673,2001,9,Oregon,11,24,@,Washington State,14,17
674,2001,9,Stanford,20,38,,UCLA,4,28
675,2001,9,Tennessee,9,17,,South Carolina,12,10
676,2001,10,Georgia Tech,23,28,,North Carolina,22,21
677,2001,10,Illinois,21,38,@,Purdue,20,13
678,2001,10,Washington,11,42,,Stanford,10,28
679,2001,10,Washington State,16,20,,UCLA,9,14
680,2001,11,Auburn,24,24,@,Georgia,19,17
681,2001,11,Florida,4,54,@,South Carolina,14,17
682,2001,11,Oregon,7,21,@,UCLA,17,20
683,2001,12,Florida,4,37,,Florida State,21,13
684,2001,12,Illinois,12,34,@,Ohio State,25,22
685,2001,12,Miami (FL),1,59,,Syracuse,14,0
686,2001,12,Washington,16,26,,Washington State,9,14
687,2001,13,Colorado,14,62,,Nebraska,2,36
688,2001,13,Georgia,19,31,@,Georgia Tech,21,17
689,2001,13,Miami (FL),1,65,,Washington,12,7
690,2001,13,Syracuse,22,39,,Boston College,25,28
691,2001,14,Colorado,9,39,,Texas,3,37
692,2001,14,Louisiana State,22,27,,Auburn,25,14
693,2001,14,Miami (FL),1,26,@,Virginia Tech,14,24
694,2001,14,Tennessee,5,34,@,Florida,2,32
695,2001,15,Louisiana State,21,31,,Tennessee,2,20
696,2001,17,Texas,9,47,,Washington,21,43
697,2001,18,Louisville,23,28,,Brigham Young,19,10
698,2001,19,Florida State,24,30,,Virginia Tech,15,17
699,2001,19,Louisiana State,12,47,,Illinois,7,34
700,2001,19,Oregon,2,38,,Colorado,3,16
701,2001,19,South Carolina,14,31,,Ohio State,22,28
702,2001,19,Tennessee,8,45,,Michigan,17,17
703,2001,19,Florida,5,56,,Maryland,6,23
704,2001,19,Miami (FL),1,37,,Nebraska,4,14
705,2002,2,Michigan,13,31,,Washington,11,29
706,2002,2,Virginia Tech,16,26,,Louisiana State,14,8
707,2002,3,Miami (FL),1,41,@,Florida,6,16
708,2002,4,Virginia Tech,11,47,,Marshall,16,21
709,2002,4,Notre Dame,20,25,,Michigan,7,23
710,2002,4,Ohio State,6,25,,Washington State,10,7
711,2002,4,Southern California,17,40,@,Colorado,18,3
712,2002,5,Florida,10,30,@,Tennessee,4,13
713,2002,5,Kansas State,25,27,,Southern California,11,20
714,2002,5,Virginia Tech,7,13,@,Texas A&M,19,3
715,2002,6,Iowa State,19,36,,Nebraska,20,14
716,2002,6,Southern California,18,22,,Oregon State,23,0
717,2002,7,Georgia,7,27,@,Alabama,22,25
718,2002,7,Penn State,20,34,@,Wisconsin,19,31
719,2002,7,Washington State,17,30,,Southern California,18,27
720,2002,8,Georgia,6,18,,Tennessee,10,13
721,2002,8,Louisiana State,18,36,@,Florida,16,7
722,2002,8,Miami (FL),1,28,,Florida State,9,27
723,2002,8,Michigan,13,27,,Penn State,15,24
724,2002,8,Oklahoma,2,35,,Texas,3,24
725,2002,9,Alabama,24,42,,Mississippi,21,7
726,2002,9,Notre Dame,7,21,@,Air Force,18,14
727,2002,9,Oklahoma,2,49,,Iowa State,9,3
728,2002,9,Southern California,19,41,,Washington,22,21
729,2002,9,Texas,8,17,@,Kansas State,17,14
730,2002,10,Alabama,19,34,@,Tennessee,16,14
731,2002,10,Iowa,13,34,@,Michigan,8,9
732,2002,10,Notre Dame,6,34,@,Florida State,11,24
733,2002,10,Ohio State,4,13,,Penn State,18,7
734,2002,10,Southern California,15,44,@,Oregon,14,33
735,2002,10,Texas,7,21,,Iowa State,17,10
736,2002,11,Ohio State,6,34,,Minnesota,23,3
737,2002,11,Oklahoma,2,27,,Colorado,13,11
738,2002,11,Washington State,8,44,,Arizona State,16,22
739,2002,12,Kansas State,12,58,,Iowa State,21,7
740,2002,12,Washington State,5,32,,Oregon,15,21
741,2002,13,Alabama,10,31,@,Louisiana State,14,0
742,2002,13,Georgia,7,24,@,Auburn,24,21
743,2002,14,Miami (FL),1,28,,Pittsburgh,17,21
744,2002,14,Ohio State,2,14,,Michigan,12,9
745,2002,14,Oklahoma,4,60,,Texas Tech,24,15
746,2002,14,Southern California,7,52,@,UCLA,25,21
747,2002,15,Florida State,23,31,,Florida,15,14
748,2002,15,Southern California,6,44,,Notre Dame,7,13
749,2002,15,West Virginia,24,24,@,Pittsburgh,17,17
750,2002,16,Georgia,4,30,,Arkansas,22,3
751,2002,16,Miami (FL),1,56,,Virginia Tech,18,45
752,2002,16,Oklahoma,8,29,,Colorado,12,7
753,2002,20,Auburn,19,13,,Penn State,10,9
754,2002,20,Georgia,4,26,,Florida State,16,13
755,2002,20,Michigan,12,38,,Florida,22,30
756,2002,20,North Carolina State,17,28,,Notre Dame,11,6
757,2002,20,Oklahoma,8,34,,Washington State,7,14
758,2002,20,Southern California,5,38,,Iowa,3,17
759,2002,20,Ohio State,2,31,,Miami (FL),1,24
760,2003,2,Ohio State,2,28,,Washington,17,9
761,2003,2,Southern California,8,23,@,Auburn,6,0
762,2003,3,Miami (FL),3,38,,Florida,21,33
763,2003,4,Georgia,8,31,,South Carolina,25,7
764,2003,4,Michigan,5,38,,Notre Dame,15,0
765,2003,4,Ohio State,3,44,,North Carolina State,24,38
766,2003,5,Iowa,18,21,,Arizona State,16,2
767,2003,5,Louisiana State,11,17,,Georgia,7,10
768,2003,5,Oregon,22,31,,Michigan,3,27
769,2003,5,Tennessee,12,24,@,Florida,17,10
770,2003,6,Washington State,21,55,@,Oregon,10,16
771,2003,7,Iowa,23,30,,Michigan,9,27
772,2003,7,Texas,13,24,,Kansas State,16,20
773,2003,8,Michigan,20,38,@,Minnesota,17,35
774,2003,8,Georgia,8,41,@,Tennessee,13,14
775,2003,8,Miami (FL),2,22,@,Florida State,5,14
776,2003,8,Oklahoma,1,65,,Texas,11,13
777,2003,8,Wisconsin,23,17,,Ohio State,3,10
778,2003,9,Michigan State,15,44,@,Minnesota,25,38
779,2003,9,Ohio State,8,19,,Iowa,9,10
780,2003,9,Oklahoma,1,34,,Missouri,24,13
781,2003,9,Purdue,13,26,@,Wisconsin,14,23
782,2003,10,Bowling Green State,23,34,,Northern Illinois,12,18
783,2003,10,Louisiana State,9,31,,Auburn,17,7
784,2003,10,Michigan,13,31,,Purdue,10,3
785,2003,11,Florida,23,16,,Georgia,4,13
786,2003,11,Michigan,11,27,@,Michigan State,9,20
787,2003,11,Oklahoma,1,52,,Oklahoma State,14,9
788,2003,11,Southern California,3,43,,Washington State,6,16
789,2003,11,Texas,16,31,,Nebraska,12,7
790,2003,11,Virginia Tech,10,31,,Miami (FL),2,7
791,2003,12,Ohio State,7,33,,Michigan State,14,23
792,2003,12,Pittsburgh,25,31,,Virginia Tech,5,28
793,2003,12,Purdue,16,27,,Iowa,10,14
794,2003,12,Tennessee,18,10,@,Miami (FL),6,6
795,2003,12,Texas,11,55,@,Oklahoma State,21,16
796,2003,13,Iowa,20,40,,Minnesota,19,22
797,2003,13,Ohio State,4,16,,Purdue,11,13
798,2003,14,Louisiana State,3,17,@,Mississippi,15,14
799,2003,14,Michigan,5,35,,Ohio State,4,21
800,2003,15,Florida State,9,38,@,Florida,11,34
801,2003,15,Miami (FL),10,28,@,Pittsburgh,20,14
802,2003,16,Miami (OH),14,49,@,Bowling Green State,20,27
803,2003,16,Kansas State,13,35,,Oklahoma,1,7
804,2003,16,Louisiana State,3,34,,Georgia,5,13
805,2003,18,Boise State,18,34,@,Texas Christian,19,31
806,2003,20,Washington State,15,28,,Texas,5,20
807,2003,20,Georgia,11,34,,Purdue,12,27
808,2003,20,Iowa,13,37,,Florida,17,17
809,2003,20,Maryland,23,41,,West Virginia,20,7
810,2003,20,Miami (FL),10,16,,Florida State,9,14
811,2003,20,Southern California,1,28,,Michigan,4,14
812,2003,20,Mississippi,16,31,,Oklahoma State,21,28
813,2003,20,Ohio State,7,35,,Kansas State,8,28
814,2003,20,Louisiana State,2,21,,Oklahoma,3,14
815,2004,3,Miami (FL),5,16,,Florida State,4,10
816,2004,4,Auburn,14,10,,Louisiana State,5,9
817,2004,4,Tennessee,13,30,,Florida,11,28
818,2004,4,West Virginia,7,19,,Maryland,21,16
819,2004,6,Auburn,8,34,@,Tennessee,10,10
820,2004,6,Georgia,3,45,,Louisiana State,13,16
821,2004,7,Louisiana State,24,24,@,Florida,12,21
822,2004,7,Michigan,14,27,,Minnesota,13,24
823,2004,7,Oklahoma,2,12,,Texas,5,0
824,2004,7,Southern California,1,23,,California,7,17
825,2004,7,Tennessee,17,19,@,Georgia,3,14
826,2004,7,Wisconsin,15,24,@,Ohio State,18,13
827,2004,8,Miami (FL),3,41,,Louisville,18,38
828,2004,8,Florida State,7,36,,Virginia,6,3
829,2004,8,Southern California,1,45,,Arizona State,15,7
830,2004,8,Texas A&M,23,36,@,Oklahoma State,16,20
831,2004,8,Wisconsin,10,20,@,Purdue,5,17
832,2004,9,Michigan,13,16,@,Purdue,12,14
833,2004,10,California,7,27,,Arizona State,20,0
834,2004,10,Oklahoma,2,38,@,Oklahoma State,20,35
835,2004,11,Oklahoma,2,42,@,Texas A&M,22,35
836,2004,11,Texas,6,56,,Oklahoma State,19,35
837,2004,12,Auburn,3,24,,Georgia,8,6
838,2004,12,Boston College,21,36,@,West Virginia,13,17
839,2004,12,Miami (FL),18,31,@,Virginia,10,21
840,2004,13,Iowa,17,30,,Wisconsin,9,7
841,2004,14,Texas,6,26,,Texas A&M,22,13
842,2004,14,Virginia Tech,11,24,,Virginia,16,10
843,2004,15,Auburn,3,38,,Tennessee,15,28
844,2004,15,Virginia Tech,10,16,@,Miami (FL),9,10
845,2004,18,Texas Tech,23,45,,California,4,31
846,2004,18,Louisville,7,44,,Boise State,10,40
847,2004,18,Miami (FL),14,27,,Florida,20,10
848,2004,18,Georgia,8,24,,Wisconsin,16,21
849,2004,18,Iowa,11,30,,Louisiana State,12,25
850,2004,18,Tennessee,15,38,,Texas A&M,22,7
851,2004,18,Texas,6,38,,Michigan,13,37
852,2004,18,Utah,5,35,,Pittsburgh,19,7
853,2004,19,Auburn,3,16,,Virginia Tech,9,13
854,2004,20,Southern California,1,55,,Oklahoma,2,19
855,2005,1,Georgia,13,48,,Boise State,18,13
856,2005,1,Florida State,14,10,,Miami (FL),9,7
857,2005,2,Louisiana State,5,35,@,Arizona State,15,31
858,2005,2,Notre Dame,20,17,@,Michigan,3,10
859,2005,2,Texas,2,25,@,Ohio State,4,22
860,2005,3,Florida,6,16,,Tennessee,5,7
861,2005,3,Florida State,8,28,@,Boston College,17,17
862,2005,3,Miami (FL),13,36,@,Clemson,20,30
863,2005,4,Ohio State,8,31,,Iowa,21,6
864,2005,4,Southern California,1,45,@,Oregon,24,13
865,2005,4,Virginia Tech,4,51,,Georgia Tech,15,7
866,2005,4,Tennessee,10,30,@,Louisiana State,4,27
867,2005,5,Alabama,15,31,,Florida,5,3
868,2005,5,Notre Dame,13,49,@,Purdue,22,28
869,2005,5,Southern California,1,38,@,Arizona State,14,28
870,2005,6,Georgia,5,27,@,Tennessee,8,14
871,2005,6,Oregon,25,31,@,Arizona State,17,17
872,2005,6,Penn State,16,17,,Ohio State,6,10
873,2005,6,UCLA,20,47,,California,10,40
874,2005,7,Louisiana State,10,21,,Florida,11,17
875,2005,7,Ohio State,15,35,,Michigan State,16,24
876,2005,7,Southern California,1,34,@,Notre Dame,9,31
877,2005,7,Texas,2,42,,Colorado,24,17
878,2005,7,Wisconsin,23,38,@,Minnesota,22,34
879,2005,8,Alabama,5,6,,Tennessee,17,3
880,2005,8,Louisiana State,7,20,,Auburn,16,17
881,2005,8,Texas,2,52,,Texas Tech,10,17
882,2005,9,Virginia Tech,3,30,,Boston College,13,10
883,2005,9,Florida,16,14,,Georgia,4,10
884,2005,9,Michigan,25,33,@,Northwestern,21,17
885,2005,10,Miami (FL),5,27,@,Virginia Tech,3,7
886,2005,10,Oregon,15,27,,California,23,20
887,2005,10,Penn State,10,35,,Wisconsin,14,14
888,2005,11,Auburn,15,31,@,Georgia,9,30
889,2005,11,Louisiana State,5,16,@,Alabama,4,13
890,2005,11,Ohio State,10,48,,Northwestern,25,7
891,2005,12,Auburn,11,28,,Alabama,8,18
892,2005,12,Ohio State,9,25,@,Michigan,17,21
893,2005,12,Southern California,1,50,,Fresno State,16,42
894,2005,13,Florida,19,34,,Florida State,23,7
895,2005,13,Georgia,13,14,@,Georgia Tech,20,7
896,2005,14,Georgia,13,34,,Louisiana State,3,14
897,2005,14,Southern California,1,66,,UCLA,11,19
898,2005,16,Louisiana State,10,40,,Miami (FL),9,3
899,2005,17,Alabama,13,13,,Texas Tech,18,10
900,2005,17,Florida,16,31,,Iowa,25,24
901,2005,17,Ohio State,4,34,,Notre Dame,5,20
902,2005,17,Virginia Tech,12,35,,Louisville,15,24
903,2005,17,West Virginia,11,38,,Georgia,8,35
904,2005,17,Wisconsin,21,24,,Auburn,7,10
905,2005,18,Penn State,3,26,,Florida State,22,23
906,2005,18,Texas,2,41,@,Southern California,1,38
907,2006,1,Tennessee,23,35,,California,9,18
908,2006,1,Florida State,11,13,@,Miami (FL),12,10
909,2006,2,Notre Dame,4,41,,Penn State,19,17
910,2006,2,Ohio State,1,24,@,Texas,2,7
911,2006,3,Auburn,3,7,,Louisiana State,6,3
912,2006,3,Florida,7,21,@,Tennessee,13,20
913,2006,3,Louisville,12,31,,Miami (FL),17,7
914,2006,3,Michigan,11,47,@,Notre Dame,2,21
915,2006,3,Oregon,18,34,,Oklahoma,15,33
916,2006,3,Southern California,4,28,,Nebraska,19,10
917,2006,3,Texas Christian,20,12,,Texas Tech,24,3
918,2006,4,California,21,49,,Arizona State,22,21
919,2006,4,Ohio State,1,28,,Penn State,24,6
920,2006,5,Georgia Tech,24,38,@,Virginia Tech,11,27
921,2006,5,Ohio State,1,38,@,Iowa,13,17
922,2006,6,California,16,45,,Oregon,11,24
923,2006,6,Florida,5,23,,Louisiana State,9,10
924,2006,6,Tennessee,13,51,@,Georgia,10,33
925,2006,6,Texas,7,28,,Oklahoma,14,10
926,2006,7,Auburn,11,27,,Florida,2,17
927,2006,8,Clemson,12,31,,Georgia Tech,13,7
928,2006,8,Texas,5,22,@,Nebraska,17,20
929,2006,9,Oklahoma,19,26,@,Missouri,23,10
930,2006,10,Louisville,5,44,,West Virginia,3,34
931,2006,10,Louisiana State,13,28,@,Tennessee,8,24
932,2006,10,Oklahoma,18,17,@,Texas A&M,21,16
933,2006,10,Wake Forest,22,21,,Boston College,16,14
934,2006,11,Rutgers,15,28,,Louisville,3,25
935,2006,11,Arkansas,11,31,,Tennessee,13,14
936,2006,11,Southern California,7,35,,Oregon,21,10
937,2006,12,Boston College,20,38,,Maryland,21,16
938,2006,12,Ohio State,1,42,,Michigan,2,39
939,2006,12,Southern California,4,23,,California,17,9
940,2006,12,Virginia Tech,19,27,@,Wake Forest,14,6
941,2006,13,Louisiana State,9,31,@,Arkansas,5,26
942,2006,13,Southern California,3,44,,Notre Dame,6,24
943,2006,14,Florida,4,38,,Arkansas,8,28
944,2006,14,Oklahoma,8,21,,Nebraska,19,7
945,2006,14,Wake Forest,16,9,,Georgia Tech,23,6
946,2006,14,West Virginia,15,41,,Rutgers,13,39
947,2006,16,California,20,45,,Texas A&M,21,10
948,2006,17,Auburn,10,17,,Nebraska,22,14
949,2006,17,Boise State,9,43,,Oklahoma,7,42
950,2006,17,Southern California,8,32,,Michigan,3,18
951,2006,17,Wisconsin,6,17,,Arkansas,12,14
952,2006,18,Louisville,5,24,,Wake Forest,15,13
953,2006,18,Louisiana State,4,41,,Notre Dame,11,14
954,2006,18,Florida,2,41,,Ohio State,1,14
955,2007,1,California,12,45,,Tennessee,15,31
956,2007,2,Louisiana State,2,48,,Virginia Tech,9,7
957,2007,2,Texas,7,34,,Texas Christian,19,13
958,2007,3,Boston College,21,24,@,Georgia Tech,15,10
959,2007,3,Florida,5,59,,Tennessee,22,20
960,2007,3,Southern California,1,49,@,Nebraska,14,31
961,2007,4,Georgia,22,26,@,Alabama,16,23
962,2007,4,Louisiana State,2,28,,South Carolina,12,16
963,2007,5,South Florida,18,21,,West Virginia,5,13
964,2007,5,California,6,31,@,Oregon,11,24
965,2007,6,South Carolina,11,38,,Kentucky,8,23
966,2007,6,Cincinnati,20,28,@,Rutgers,21,23
967,2007,6,Louisiana State,1,28,,Florida,9,24
968,2007,6,Missouri,17,41,,Nebraska,25,6
969,2007,6,Ohio State,4,23,@,Purdue,23,7
970,2007,6,Oklahoma,10,28,,Texas,19,21
971,2007,6,Virginia Tech,15,41,@,Clemson,22,23
972,2007,7,Kentucky,17,43,,Louisiana State,1,37
973,2007,7,Oklahoma,6,41,,Missouri,11,31
974,2007,8,Florida,14,45,@,Kentucky,8,37
975,2007,8,Louisiana State,5,30,,Auburn,18,24
976,2007,8,Missouri,15,41,,Texas Tech,22,10
977,2007,9,Boston College,2,14,@,Virginia Tech,8,10
978,2007,9,Arizona State,7,31,,California,18,20
979,2007,9,Georgia,20,42,,Florida,9,30
980,2007,9,Ohio State,1,37,@,Penn State,24,17
981,2007,9,Oregon,5,24,,Southern California,9,17
982,2007,9,West Virginia,6,31,@,Rutgers,25,3
983,2007,10,Louisiana State,3,41,@,Alabama,17,34
984,2007,10,Oregon,4,35,,Arizona State,6,23
985,2007,11,Georgia,10,45,,Auburn,18,20
986,2007,11,Southern California,12,24,@,California,24,17
987,2007,12,Boston College,18,20,@,Clemson,15,17
988,2007,12,Georgia,8,24,,Kentucky,22,13
989,2007,12,Ohio State,7,14,@,Michigan,23,3
990,2007,12,West Virginia,5,28,@,Cincinnati,21,23
991,2007,13,Southern California,11,44,@,Arizona State,7,24
992,2007,13,Hawaii,14,39,,Boise State,17,27
993,2007,13,Missouri,3,36,,Kansas,2,28
994,2007,13,Virginia Tech,8,33,@,Virginia,16,21
995,2007,13,West Virginia,4,66,,Connecticut,20,21
996,2007,14,Louisiana State,5,21,,Tennessee,14,14
997,2007,14,Oklahoma,9,38,,Missouri,1,17
998,2007,14,Virginia Tech,6,30,,Boston College,12,16
999,2007,16,Texas,17,52,,Arizona State,12,34
1000,2007,17,Auburn,22,23,,Clemson,15,20
1001,2007,18,Georgia,4,41,,Hawaii,10,10
1002,2007,18,Missouri,7,38,,Arkansas,25,7
1003,2007,18,Southern California,6,49,,Illinois,13,17
1004,2007,18,Tennessee,16,21,,Wisconsin,18,17
1005,2007,18,West Virginia,11,48,,Oklahoma,3,28
1006,2007,18,Kansas,8,24,,Virginia Tech,5,21
1007,2007,18,Louisiana State,2,38,,Ohio State,1,24
1008,2008,1,Alabama,24,34,,Clemson,9,10
1009,2008,1,Missouri,6,52,,Illinois,20,42
1010,2008,3,South Florida,19,37,,Kansas,13,34
1011,2008,3,Southern California,1,35,,Ohio State,5,3
1012,2008,3,Wisconsin,10,13,@,Fresno State,21,10
1013,2008,4,Louisiana State,6,26,@,Auburn,10,21
1014,2008,4,Wake Forest,18,12,@,Florida State,24,3
1015,2008,5,Alabama,8,41,@,Georgia,3,30
1016,2008,5,Oklahoma,2,35,,Texas Christian,24,10
1017,2008,5,Penn State,12,38,,Illinois,22,24
1018,2008,6,Ohio State,14,20,@,Wisconsin,18,17
1019,2008,6,Southern California,9,44,,Oregon,23,10
1020,2008,6,Vanderbilt,19,14,,Auburn,13,13
1021,2008,7,Florida,11,51,,Louisiana State,4,21
1022,2008,7,Oklahoma State,17,28,@,Missouri,3,23
1023,2008,7,Texas,5,45,,Oklahoma,1,35
1024,2008,8,Georgia,10,24,,Vanderbilt,22,14
1025,2008,8,Ohio State,12,45,@,Michigan State,20,7
1026,2008,8,Oklahoma,4,45,,Kansas,16,31
1027,2008,8,Texas,1,56,,Missouri,11,31
1028,2008,9,Georgia,9,52,@,Louisiana State,11,38
1029,2008,9,Penn State,3,13,@,Ohio State,10,6
1030,2008,9,Texas,1,28,,Oklahoma State,7,24
1031,2008,9,Texas Tech,8,63,@,Kansas,19,21
1032,2008,10,Florida,5,49,,Georgia,8,10
1033,2008,10,Texas Tech,6,39,,Texas,1,33
1034,2008,11,Utah,10,13,,Texas Christian,11,10
1035,2008,11,Alabama,1,27,@,Louisiana State,15,21
1036,2008,11,North Carolina,19,28,,Georgia Tech,22,7
1037,2008,11,Southern California,7,17,,California,21,3
1038,2008,11,Texas Tech,2,56,,Oklahoma State,8,20
1039,2008,12,Florida,3,56,,South Carolina,24,6
1040,2008,13,Cincinnati,19,28,,Pittsburgh,20,21
1041,2008,13,Oklahoma,5,65,,Texas Tech,2,21
1042,2008,13,Penn State,7,49,,Michigan State,17,18
1043,2008,13,Utah,8,48,,Brigham Young,16,24
1044,2008,14,Florida,2,45,@,Florida State,23,15
1045,2008,14,Georgia Tech,18,45,@,Georgia,13,42
1046,2008,14,Oklahoma,3,61,@,Oklahoma State,11,41
1047,2008,14,Oregon,19,65,@,Oregon State,17,38
1048,2008,15,Florida,2,31,,Alabama,1,20
1049,2008,15,Oklahoma,4,62,,Missouri,19,21
1050,2008,17,Texas Christian,11,17,,Boise State,9,16
1051,2008,18,Missouri,25,30,,Northwestern,22,23
1052,2008,19,Oregon,15,42,,Oklahoma State,13,31
1053,2008,19,Oregon State,24,3,,Pittsburgh,18,0
1054,2008,19,Georgia,16,24,,Michigan State,19,12
1055,2008,19,Southern California,5,38,,Penn State,6,24
1056,2008,19,Virginia Tech,21,20,,Cincinnati,12,7
1057,2008,19,Mississippi,20,47,,Texas Tech,8,34
1058,2008,19,Utah,7,31,,Alabama,4,17
1059,2008,19,Texas,3,24,,Ohio State,10,21
1060,2008,20,Florida,1,24,,Oklahoma,2,14
1061,2009,1,Boise State,14,19,,Oregon,16,8
1062,2009,1,Alabama,5,34,,Virginia Tech,7,24
1063,2009,1,Brigham Young,20,14,,Oklahoma,3,13
1064,2009,1,Oklahoma State,9,24,,Georgia,13,10
1065,2009,2,Southern California,3,18,@,Ohio State,8,15
1066,2009,3,Miami (FL),20,33,,Georgia Tech,14,17
1067,2009,3,Virginia Tech,13,16,,Nebraska,19,15
1068,2009,4,Virginia Tech,11,31,,Miami (FL),9,7
1069,2009,5,Louisiana State,4,20,@,Georgia,18,13
1070,2009,5,Miami (FL),17,21,,Oklahoma,8,20
1071,2009,5,Southern California,7,30,@,California,24,3
1072,2009,6,Nebraska,21,27,@,Missouri,24,12
1073,2009,6,Alabama,3,22,@,Mississippi,20,3
1074,2009,6,Florida,1,13,@,Louisiana State,4,3
1075,2009,7,Cincinnati,8,34,@,South Florida,21,17
1076,2009,7,Alabama,2,20,,South Carolina,22,6
1077,2009,7,Georgia Tech,19,28,,Virginia Tech,4,23
1078,2009,7,Southern California,6,34,@,Notre Dame,25,27
1079,2009,7,Texas,3,16,,Oklahoma,20,13
1080,2009,8,Oklahoma,25,35,@,Kansas,24,13
1081,2009,8,Texas Christian,10,38,@,Brigham Young,16,7
1082,2009,9,Oregon,10,47,,Southern California,4,20
1083,2009,9,Texas,3,41,@,Oklahoma State,13,14
1084,2009,10,Alabama,3,24,,Louisiana State,9,15
1085,2009,10,Ohio State,15,24,@,Penn State,11,7
1086,2009,11,Ohio State,10,27,,Iowa,15,24
1087,2009,11,Stanford,25,55,@,Southern California,11,21
1088,2009,11,Texas Christian,4,55,,Utah,16,28
1089,2009,13,Brigham Young,18,26,,Utah,22,23
1090,2009,14,Oregon,7,37,,Oregon State,13,33
1091,2009,14,Alabama,2,32,,Florida,1,13
1092,2009,14,Cincinnati,5,45,@,Pittsburgh,14,44
1093,2009,14,Georgia Tech,12,39,,Clemson,25,34
1094,2009,14,Texas,3,13,,Nebraska,21,12
1095,2009,17,Brigham Young,15,44,,Oregon State,16,20
1096,2009,18,Wisconsin,24,20,,Miami (FL),14,14
1097,2009,18,Nebraska,20,33,,Arizona,22,0
1098,2009,18,Florida,5,51,,Cincinnati,4,24
1099,2009,18,Ohio State,8,26,,Oregon,7,17
1100,2009,18,Penn State,11,19,,Louisiana State,13,17
1101,2009,19,Boise State,6,17,,Texas Christian,3,10
1102,2009,20,Iowa,10,24,,Georgia Tech,9,14
1103,2009,20,Alabama,1,37,,Texas,2,21
1104,2010,1,Louisiana State,21,30,,North Carolina,18,24
1105,2010,1,Texas Christian,6,30,,Oregon State,24,21
1106,2010,1,Boise State,3,33,@,Virginia Tech,13,30
1107,2010,2,Alabama,1,24,,Penn State,18,3
1108,2010,2,Ohio State,2,36,,Miami (FL),12,24
1109,2010,2,Oklahoma,10,47,,Florida State,17,17
1110,2010,2,South Carolina,24,17,,Georgia,22,6
1111,2010,3,Arizona,24,34,,Iowa,9,27
1112,2010,4,Alabama,1,24,@,Arkansas,10,20
1113,2010,4,Auburn,17,35,,South Carolina,12,27
1114,2010,4,Boise State,3,37,,Oregon State,24,24
1115,2010,4,Louisiana State,15,20,,West Virginia,22,14
1116,2010,5,Alabama,1,31,,Florida,7,6
1117,2010,5,Iowa,17,24,,Penn State,22,3
1118,2010,5,Michigan State,24,34,,Wisconsin,11,24
1119,2010,5,Oklahoma,8,28,,Texas,21,20
1120,2010,5,Oregon,4,52,,Stanford,9,31
1121,2010,6,Florida State,23,45,@,Miami (FL),13,17
1122,2010,6,Louisiana State,12,33,@,Florida,14,29
1123,2010,6,Michigan State,17,34,@,Michigan,18,17
1124,2010,6,South Carolina,19,35,,Alabama,1,21
1125,2010,7,Auburn,7,65,,Arkansas,12,43
1126,2010,7,Wisconsin,18,31,,Ohio State,1,18
1127,2010,8,Auburn,5,24,,Louisiana State,6,17
1128,2010,8,Missouri,18,36,,Oklahoma,3,27
1129,2010,8,Nebraska,14,51,@,Oklahoma State,17,41
1130,2010,8,Wisconsin,10,31,@,Iowa,13,30
1131,2010,9,Iowa,18,37,,Michigan State,5,6
1132,2010,9,Nebraska,14,31,,Missouri,7,17
1133,2010,9,Oregon,1,53,@,Southern California,24,32
1134,2010,10,Arkansas,17,41,@,South Carolina,18,20
1135,2010,10,Louisiana State,12,24,,Alabama,5,21
1136,2010,10,Oklahoma State,19,55,,Baylor,22,28
1137,2010,10,Stanford,10,42,,Arizona,13,17
1138,2010,10,Texas Christian,4,47,@,Utah,6,7
1139,2010,11,Alabama,11,30,,Mississippi State,17,10
1140,2010,11,South Carolina,22,36,@,Florida,24,14
1141,2010,12,Arkansas,13,38,@,Mississippi State,22,31
1142,2010,12,Ohio State,8,20,@,Iowa,21,17
1143,2010,12,Texas A&M,18,9,,Nebraska,9,6
1144,2010,12,Virginia Tech,14,31,@,Miami (FL),24,17
1145,2010,13,Auburn,2,28,@,Alabama,9,27
1146,2010,13,Nevada,19,34,,Boise State,3,31
1147,2010,13,Oregon,1,48,,Arizona,20,29
1148,2010,13,Arkansas,12,31,,Louisiana State,6,23
1149,2010,13,Oklahoma,14,47,@,Oklahoma State,10,41
1150,2010,14,Auburn,2,56,,South Carolina,18,17
1151,2010,14,Oklahoma,10,23,,Nebraska,13,20
1152,2010,14,Virginia Tech,12,44,,Florida State,20,33
1153,2010,17,Boise State,10,26,,Utah,20,3
1154,2010,18,Florida State,23,26,,South Carolina,19,17
1155,2010,18,Alabama,15,49,,Michigan State,7,7
1156,2010,18,Oklahoma,9,48,,Connecticut,25,20
1157,2010,18,Texas Christian,3,21,,Wisconsin,4,19
1158,2010,19,Stanford,5,40,,Virginia Tech,12,12
1159,2010,20,Ohio State,6,31,,Arkansas,8,26
1160,2010,20,Louisiana State,11,41,,Texas A&M,18,24
1161,2010,20,Auburn,1,22,,Oregon,2,19
1162,2011,1,Boise State,5,35,@,Georgia,19,21
1163,2011,1,Louisiana State,4,40,,Oregon,3,27
1164,2011,2,Alabama,3,27,@,Penn State,23,11
1165,2011,3,Louisiana State,3,19,@,Mississippi State,25,6
1166,2011,3,Oklahoma,1,23,@,Florida State,5,13
1167,2011,4,Alabama,3,38,,Arkansas,14,14
1168,2011,4,Clemson,21,35,,Florida State,11,30
1169,2011,4,Louisiana State,2,47,@,West Virginia,16,21
1170,2011,4,Oklahoma State,7,30,@,Texas A&M,8,29
1171,2011,5,Alabama,3,38,@,Florida,12,10
1172,2011,5,Arkansas,18,42,,Texas A&M,14,38
1173,2011,5,Clemson,13,23,@,Virginia Tech,11,3
1174,2011,5,Wisconsin,7,48,,Nebraska,8,17
1175,2011,6,Arkansas,10,38,,Auburn,15,14
1176,2011,6,Louisiana State,1,41,,Florida,17,11
1177,2011,6,Oklahoma,3,55,,Texas,11,17
1178,2011,7,Michigan State,23,28,,Michigan,11,14
1179,2011,7,Oklahoma State,6,38,@,Texas,22,26
1180,2011,7,Oregon,9,41,,Arizona State,18,27
1181,2011,7,Texas A&M,21,55,,Baylor,20,28
1182,2011,8,Louisiana State,1,45,,Auburn,19,10
1183,2011,8,Michigan State,15,37,,Wisconsin,4,31
1184,2011,8,Stanford,7,65,,Washington,22,21
1185,2011,9,Nebraska,13,24,,Michigan State,9,3
1186,2011,9,Oklahoma,11,58,@,Kansas State,10,17
1187,2011,9,Stanford,4,56,@,Southern California,20,48
1188,2011,10,Arkansas,8,44,,South Carolina,10,28
1189,2011,10,Louisiana State,1,9,@,Alabama,2,6
1190,2011,10,Oklahoma State,3,52,,Kansas State,17,45
1191,2011,11,Virginia Tech,10,37,@,Georgia Tech,20,26
1192,2011,11,Georgia,14,45,,Auburn,24,7
1193,2011,11,Nebraska,19,17,@,Penn State,12,14
1194,2011,11,Oregon,6,53,@,Stanford,3,30
1195,2011,12,Baylor,25,45,,Oklahoma,5,38
1196,2011,12,Michigan,20,45,,Nebraska,17,17
1197,2011,12,Southern California,18,38,@,Oregon,4,35
1198,2011,13,Louisiana State,1,41,,Arkansas,3,17
1199,2011,13,Georgia,13,31,@,Georgia Tech,25,17
1200,2011,13,South Carolina,14,34,,Clemson,18,13
1201,2011,13,Stanford,4,28,,Notre Dame,22,14
1202,2011,13,Virginia Tech,6,38,@,Virginia,24,0
1203,2011,13,Wisconsin,15,45,,Penn State,20,7
1204,2011,14,Clemson,21,38,,Virginia Tech,5,10
1205,2011,14,Louisiana State,1,42,,Georgia,12,10
1206,2011,14,Oklahoma State,3,44,,Oklahoma,13,10
1207,2011,14,Southern Mississippi,24,49,@,Houston,7,28
1208,2011,14,Wisconsin,15,42,,Michigan State,11,39
1209,2011,19,Houston,20,30,,Penn State,24,14
1210,2011,19,Michigan State,12,33,,Georgia,18,30
1211,2011,19,Oklahoma State,3,41,,Stanford,4,38
1212,2011,19,Oregon,6,45,,Wisconsin,9,38
1213,2011,19,South Carolina,10,30,,Nebraska,21,13
1214,2011,20,Michigan,13,23,,Virginia Tech,17,20
1215,2011,20,West Virginia,23,70,,Clemson,14,33
1216,2011,20,Arkansas,7,29,,Kansas State,11,16
1217,2011,20,Alabama,2,21,,Louisiana State,1,0
1218,2012,1,Michigan State,13,17,,Boise State,24,13
1219,2012,1,Alabama,2,41,,Michigan,8,14
1220,2012,3,Florida,18,37,@,Tennessee,23,20
1221,2012,3,Notre Dame,20,20,@,Michigan State,10,3
1222,2012,3,Stanford,21,21,,Southern California,2,14
1223,2012,4,Florida State,4,49,,Clemson,10,37
1224,2012,4,Kansas State,15,24,@,Oklahoma,6,19
1225,2012,4,Notre Dame,11,13,,Michigan,18,6
1226,2012,4,Oregon,3,49,,Arizona,22,0
1227,2012,5,Ohio State,14,17,@,Michigan State,20,16
1228,2012,5,West Virginia,9,70,,Baylor,25,63
1229,2012,6,Florida,10,14,,Louisiana State,4,6
1230,2012,6,Ohio State,12,63,,Nebraska,21,38
1231,2012,6,Oregon,2,52,,Washington,23,21
1232,2012,6,South Carolina,6,35,,Georgia,5,7
1233,2012,6,West Virginia,8,48,@,Texas,11,45
1234,2012,7,Louisiana State,9,23,,South Carolina,3,21
1235,2012,7,Notre Dame,7,20,,Stanford,17,13
1236,2012,7,Oklahoma,13,63,,Texas,15,21
1237,2012,7,Texas A&M,22,59,@,Louisiana Tech,23,57
1238,2012,8,Florida,3,44,,South Carolina,9,11
1239,2012,8,Kansas State,4,55,@,West Virginia,17,14
1240,2012,8,Louisiana State,6,24,@,Texas A&M,20,19
1241,2012,9,Alabama,1,38,,Mississippi State,13,7
1242,2012,9,Georgia,12,17,,Florida,3,9
1243,2012,9,Kansas State,4,55,,Texas Tech,15,24
1244,2012,9,Notre Dame,5,30,@,Oklahoma,8,13
1245,2012,10,Alabama,1,21,@,Louisiana State,5,17
1246,2012,10,Oregon,2,62,@,Southern California,18,51
1247,2012,10,Texas A&M,16,38,@,Mississippi State,17,13
1248,2012,10,UCLA,25,66,,Arizona,24,10
1249,2012,11,Louisiana State,9,37,,Mississippi State,22,17
1250,2012,11,Stanford,16,27,,Oregon State,13,23
1251,2012,11,Texas A&M,15,29,@,Alabama,1,24
1252,2012,12,Stanford,14,17,@,Oregon,1,14
1253,2012,12,UCLA,17,38,,Southern California,21,28
1254,2012,13,Florida,6,37,@,Florida State,10,26
1255,2012,13,Ohio State,4,26,,Michigan,20,21
1256,2012,13,Oklahoma,14,51,,Oklahoma State,22,48
1257,2012,13,Oregon,5,48,@,Oregon State,16,24
1258,2012,13,South Carolina,13,27,@,Clemson,12,17
1259,2012,13,Stanford,11,35,@,UCLA,15,17
1260,2012,14,Northern Illinois,19,44,,Kent State,18,37
1261,2012,14,Stanford,8,27,,UCLA,17,24
1262,2012,14,Alabama,2,32,,Georgia,3,28
1263,2012,14,Alabama,2,32,,Georgia,3,28
1264,2012,14,Kansas State,7,42,,Texas,23,24
1265,2012,19,Clemson,14,25,,Louisiana State,9,24
1266,2012,20,Florida State,13,31,,Northern Illinois,16,10
1267,2012,20,Georgia,6,45,,Nebraska,23,31
1268,2012,20,South Carolina,11,33,,Michigan,19,28
1269,2012,20,Louisville,22,33,,Florida,4,23
1270,2012,20,Oregon,5,35,,Kansas State,7,17
1271,2012,20,Texas A&M,10,41,,Oklahoma,12,13
1272,2012,20,Alabama,2,42,,Notre Dame,1,14
1273,2013,1,Clemson,8,38,,Georgia,5,35
1274,2013,1,Louisiana State,12,37,,Texas Christian,20,27
1275,2013,2,Georgia,11,41,,South Carolina,6,30
1276,2013,2,Michigan,17,41,,Notre Dame,14,30
1277,2013,3,Alabama,1,49,@,Texas A&M,6,42
1278,2013,3,UCLA,16,41,@,Nebraska,23,21
1279,2013,4,Stanford,5,42,,Arizona State,23,28
1280,2013,5,Alabama,1,25,,Mississippi,21,0
1281,2013,5,Georgia,9,44,,Louisiana State,6,41
1282,2013,5,Ohio State,4,31,,Wisconsin,23,24
1283,2013,5,Oklahoma,14,35,@,Notre Dame,22,21
1284,2013,6,Florida State,8,63,,Maryland,25,0
1285,2013,6,Ohio State,4,40,@,Northwestern,16,30
1286,2013,6,Stanford,5,31,,Washington,15,28
1287,2013,7,Louisiana State,10,17,,Florida,17,6
1288,2013,7,Missouri,25,41,@,Georgia,7,26
1289,2013,7,Oregon,2,45,@,Washington,16,24
1290,2013,8,Auburn,24,45,@,Texas A&M,7,41
1291,2013,8,Florida State,5,51,@,Clemson,3,14
1292,2013,8,Missouri,14,36,,Florida,22,17
1293,2013,8,Stanford,13,24,,UCLA,9,10
1294,2013,9,Oklahoma,17,38,,Texas Tech,10,30
1295,2013,9,Oregon,2,42,,UCLA,12,14
1296,2013,9,South Carolina,20,27,@,Missouri,5,24
1297,2013,10,Florida State,3,41,,Miami (FL),7,14
1298,2013,10,Michigan State,24,29,,Michigan,23,6
1299,2013,10,Oklahoma State,18,52,@,Texas Tech,15,34
1300,2013,11,Baylor,5,41,,Oklahoma,12,12
1301,2013,11,Stanford,6,26,,Oregon,2,20
1302,2013,11,Alabama,1,38,,Louisiana State,10,17
1303,2013,12,Auburn,7,43,,Georgia,25,38
1304,2013,12,Oklahoma State,12,38,@,Texas,23,13
1305,2013,13,Arizona State,19,38,@,UCLA,14,33
1306,2013,13,Louisiana State,18,34,,Texas A&M,9,10
1307,2013,13,Missouri,8,24,@,Mississippi,24,10
1308,2013,13,Oklahoma State,11,49,,Baylor,3,17
1309,2013,14,Auburn,4,34,,Alabama,1,28
1310,2013,14,Missouri,5,28,,Texas A&M,19,21
1311,2013,14,South Carolina,10,31,,Clemson,6,17
1312,2013,14,Stanford,8,27,,Notre Dame,25,20
1313,2013,14,UCLA,22,35,@,Southern California,23,14
1314,2013,15,Auburn,3,59,,Missouri,5,42
1315,2013,15,Baylor,9,30,,Texas,23,10
1316,2013,15,Florida State,1,45,,Duke,20,7
1317,2013,15,Michigan State,10,34,,Ohio State,2,24
1318,2013,15,Oklahoma,18,33,@,Oklahoma State,6,24
1319,2013,15,Stanford,7,38,@,Arizona State,11,14
1320,2013,20,Texas A&M,20,52,,Duke,22,48
1321,2013,20,Central Florida,15,52,,Baylor,6,42
1322,2013,20,Michigan State,4,24,,Stanford,5,20
1323,2013,20,South Carolina,8,34,,Wisconsin,19,24
1324,2013,20,Oklahoma,11,45,,Alabama,3,31
1325,2013,20,Clemson,12,40,,Ohio State,7,35
1326,2013,20,Missouri,9,41,,Oklahoma State,13,31
1327,2013,20,Florida State,1,34,,Auburn,2,31
1328,2014,1,Texas A&M,21,52,@,South Carolina,9,28
1329,2014,1,Georgia,12,45,,Clemson,16,21
1330,2014,1,Louisiana State,13,28,,Wisconsin,14,24
1331,2014,2,Oregon,3,46,,Michigan State,7,27
1332,2014,2,Southern California,14,13,@,Stanford,13,10
1333,2014,3,South Carolina,24,38,,Georgia,6,35
1334,2014,4,Auburn,5,20,@,Kansas State,20,14
1335,2014,4,Florida State,1,23,,Clemson,22,17
1336,2014,5,UCLA,11,62,@,Arizona State,15,27
1337,2014,6,Auburn,5,41,,Louisiana State,15,7
1338,2014,6,Michigan State,10,27,,Nebraska,19,22
1339,2014,6,Mississippi,11,23,,Alabama,3,17
1340,2014,6,Mississippi State,12,48,,Texas A&M,6,31
1341,2014,6,Notre Dame,9,17,,Stanford,14,14
1342,2014,6,Texas Christian,25,37,,Oklahoma,4,33
1343,2014,7,Baylor,5,61,,Texas Christian,9,58
1344,2014,7,Georgia,13,34,@,Missouri,23,0
1345,2014,7,Mississippi,3,35,@,Texas A&M,14,20
1346,2014,7,Mississippi State,3,38,,Auburn,2,23
1347,2014,7,Oregon,12,42,@,UCLA,18,30
1348,2014,8,Alabama,7,59,,Texas A&M,21,0
1349,2014,8,Arizona State,17,26,,Stanford,23,10
1350,2014,8,Florida State,2,31,,Notre Dame,5,27
1351,2014,8,Kansas State,14,31,@,Oklahoma,11,30
1352,2014,8,Texas Christian,12,42,,Oklahoma State,15,9
1353,2014,9,Louisiana State,24,10,,Mississippi,3,7
1354,2014,9,Utah,19,24,,Southern California,20,21
1355,2014,10,Arizona State,15,19,,Utah,18,16
1356,2014,10,Auburn,4,35,@,Mississippi,7,31
1357,2014,10,Texas Christian,10,31,@,West Virginia,20,30
1358,2014,10,UCLA,25,17,,Arizona,14,7
1359,2014,11,Alabama,4,20,@,Louisiana State,14,13
1360,2014,11,Arizona State,11,55,,Notre Dame,8,31
1361,2014,11,Baylor,10,48,@,Oklahoma,16,14
1362,2014,11,Ohio State,13,49,@,Michigan State,7,37
1363,2014,11,Oregon,5,51,@,Utah,20,27
1364,2014,11,Texas Christian,6,41,,Kansas State,9,20
1365,2014,12,Alabama,4,25,,Mississippi State,1,20
1366,2014,12,Georgia,16,34,,Auburn,9,7
1367,2014,12,Georgia Tech,24,28,,Clemson,18,6
1368,2014,12,Wisconsin,22,59,,Nebraska,11,24
1369,2014,13,Arizona,15,42,@,Utah,20,10
1370,2014,13,UCLA,11,38,,Southern California,24,20
1371,2014,14,Arizona,12,42,,Arizona State,13,35
1372,2014,14,Alabama,2,55,,Auburn,15,44
1373,2014,14,Georgia Tech,16,30,@,Georgia,8,24
1374,2014,14,Mississippi,18,31,,Mississippi State,4,17
1375,2014,14,Wisconsin,14,34,,Minnesota,22,24
1376,2014,15,Oregon,3,51,,Arizona,8,13
1377,2014,15,Alabama,1,42,,Missouri,14,13
1378,2014,15,Baylor,5,38,,Kansas State,9,27
1379,2014,15,Florida State,2,37,,Georgia Tech,12,35
1380,2014,15,Ohio State,6,59,,Wisconsin,11,0
1381,2014,18,Southern California,24,45,,Nebraska,25,42
1382,2014,20,Georgia,13,37,,Louisville,20,14
1383,2014,20,Boise State,21,38,,Arizona,12,30
1384,2014,20,Georgia Tech,10,49,,Mississippi State,8,34
1385,2014,20,Texas Christian,6,42,,Mississippi,9,3
1386,2014,20,Michigan State,7,42,,Baylor,4,41
1387,2014,20,Ohio State,5,42,,Alabama,1,35
1388,2014,20,Oregon,3,59,,Florida State,2,20
1389,2014,20,Wisconsin,17,34,,Auburn,19,31
1390,2014,20,UCLA,14,40,,Kansas State,11,35
1391,2014,21,Ohio State,5,42,,Oregon,3,20
1392,2015,1,Alabama,3,35,,Wisconsin,20,17
1393,2015,2,Louisiana State,14,21,@,Mississippi State,25,19
1394,2015,2,Michigan State,5,31,,Oregon,7,28
1395,2015,2,Oklahoma,19,31,@,Tennessee,23,24
1396,2015,3,Louisiana State,13,45,,Auburn,18,21
1397,2015,3,Mississippi,15,43,@,Alabama,2,37
1398,2015,3,Notre Dame,8,30,,Georgia Tech,14,22
1399,2015,3,UCLA,10,24,,Brigham Young,19,23
1400,2015,4,UCLA,9,56,@,Arizona,16,30
1401,2015,4,Utah,18,62,@,Oregon,13,20
1402,2015,5,Alabama,13,38,@,Georgia,8,10
1403,2015,5,Clemson,12,24,,Notre Dame,6,22
1404,2015,5,Florida,25,38,,Mississippi,3,10
1405,2015,5,Oklahoma,15,44,,West Virginia,23,24
1406,2015,5,Texas A&M,14,30,,Mississippi State,21,17
1407,2015,6,Michigan,18,38,,Northwestern,13,0
1408,2015,6,Utah,5,30,,California,23,24
1409,2015,7,Stanford,15,56,,UCLA,18,35
1410,2015,7,Alabama,10,41,@,Texas A&M,9,23
1411,2015,7,Iowa,17,40,@,Northwestern,20,10
1412,2015,7,Louisiana State,6,35,,Florida,8,28
1413,2015,7,Michigan State,7,27,@,Michigan,12,23
1414,2015,8,Mississippi,24,23,,Texas A&M,15,3
1415,2015,9,Notre Dame,9,24,@,Temple,21,20
1416,2015,10,Alabama,7,30,,Louisiana State,4,16
1417,2015,10,Clemson,3,23,,Florida State,17,13
1418,2015,10,Oklahoma State,12,49,,Texas Christian,5,29
1419,2015,11,Alabama,3,31,@,Mississippi State,20,6
1420,2015,11,Houston,16,35,,Memphis,25,34
1421,2015,11,Oklahoma,12,44,@,Baylor,4,34
1422,2015,12,Baylor,10,45,@,Oklahoma State,4,35
1423,2015,12,Michigan State,9,17,@,Ohio State,2,14
1424,2015,12,Mississippi,25,38,,Louisiana State,17,17
1425,2015,12,Northwestern,20,13,@,Wisconsin,21,7
1426,2015,12,Oklahoma,7,30,,Texas Christian,11,29
1427,2015,12,Oregon,23,48,,Southern California,22,28
1428,2015,13,Houston,21,52,,Navy,16,31
1429,2015,13,Texas Christian,15,28,,Baylor,7,21
1430,2015,13,Florida State,14,27,@,Florida,10,2
1431,2015,13,Mississippi,19,38,@,Mississippi State,23,27
1432,2015,13,Ohio State,8,42,@,Michigan,12,13
1433,2015,13,Oklahoma,5,58,@,Oklahoma State,9,23
1434,2015,13,Stanford,13,38,,Notre Dame,4,36
1435,2015,14,Alabama,2,29,,Florida,18,15
1436,2015,14,Clemson,1,45,,North Carolina,8,37
1437,2015,14,Houston,17,24,,Temple,20,13
1438,2015,14,Michigan State,5,16,,Iowa,4,13
1439,2015,14,Stanford,7,41,,Southern California,24,22
1440,2015,18,Baylor,18,49,,North Carolina,10,38
1441,2015,18,Alabama,2,38,,Michigan State,3,0
1442,2015,18,Clemson,1,37,,Oklahoma,4,17
1443,2015,18,Houston,14,38,,Florida State,9,24
1444,2015,18,Michigan,17,41,,Florida,19,7
1445,2015,18,Mississippi,16,48,,Oklahoma State,13,20
1446,2015,18,Ohio State,7,44,,Notre Dame,8,28
1447,2015,18,Stanford,5,45,,Iowa,6,16
1448,2015,18,Texas Christian,11,47,,Oregon,15,41
1449,2015,19,Alabama,2,45,,Clemson,1,40
1450,2016,2,Alabama,1,52,,Southern California,20,6
1451,2016,2,Georgia,18,33,,North Carolina,22,24
1452,2016,2,Houston,15,33,,Oklahoma,3,23
1453,2016,2,Florida State,4,45,,Mississippi,11,34
1454,2016,4,Alabama,1,48,@,Mississippi,19,43
1455,2016,4,Louisville,10,63,,Florida State,2,20
1456,2016,4,Michigan State,12,36,@,Notre Dame,18,28
1457,2016,4,Ohio State,3,45,@,Oklahoma,14,24
1458,2016,5,Mississippi,23,45,,Georgia,12,14
1459,2016,5,Tennessee,14,38,,Florida,19,28
1460,2016,5,Texas A&M,10,45,,Arkansas,17,24
1461,2016,5,Wisconsin,11,30,@,Michigan State,8,6
1462,2016,6,Washington,10,44,,Stanford,7,6
1463,2016,6,Clemson,5,42,,Louisville,3,36
1464,2016,6,Michigan,4,14,,Wisconsin,8,7
1465,2016,6,Tennessee,11,34,@,Georgia,25,31
1466,2016,7,Alabama,1,49,@,Arkansas,16,30
1467,2016,7,Florida State,23,20,@,Miami (FL),10,19
1468,2016,7,Texas A&M,8,45,,Tennessee,9,38
1469,2016,7,Virginia Tech,25,34,@,North Carolina,17,3
1470,2016,8,Alabama,1,49,@,Tennessee,9,10
1471,2016,8,Arkansas,22,34,,Mississippi,12,30
1472,2016,8,Ohio State,2,30,@,Wisconsin,8,23
1473,2016,9,Alabama,1,33,,Texas A&M,6,14
1474,2016,9,Auburn,21,56,,Arkansas,17,3
1475,2016,9,Louisiana State,25,38,,Mississippi,23,21
1476,2016,10,Clemson,3,37,@,Florida State,12,34
1477,2016,10,Washington,4,31,@,Utah,17,24
1478,2016,10,Wisconsin,11,23,,Nebraska,7,17
1479,2016,11,Alabama,1,10,@,Louisiana State,15,0
1480,2016,11,Ohio State,6,62,,Nebraska,9,3
1481,2016,12,Oklahoma,9,45,,Baylor,25,24
1482,2016,13,Colorado,12,38,,Washington State,20,24
1483,2016,13,Florida,21,16,@,Louisiana State,16,10
1484,2016,13,Oklahoma,8,56,@,West Virginia,10,28
1485,2016,14,Louisiana State,25,54,@,Texas A&M,22,39
1486,2016,14,Washington,6,45,@,Washington State,23,17
1487,2016,14,Alabama,1,30,,Auburn,16,12
1488,2016,14,Colorado,9,27,,Utah,21,22
1489,2016,14,Florida State,15,31,,Florida,13,13
1490,2016,14,Ohio State,2,30,,Michigan,3,27
1491,2016,15,Washington,4,41,,Colorado,9,10
1492,2016,15,Alabama,1,54,,Florida,15,16
1493,2016,15,Clemson,3,42,,Virginia Tech,19,35
1494,2016,15,Oklahoma,7,38,,Oklahoma State,11,20
1495,2016,15,Penn State,8,38,,Wisconsin,6,31
1496,2016,19,Oklahoma State,13,38,,Colorado,11,8
1497,2016,19,Florida State,10,33,,Michigan,6,32
1498,2016,19,Alabama,1,24,,Washington,4,7
1499,2016,19,Clemson,3,31,,Ohio State,2,0
1500,2016,19,Louisiana State,19,29,,Louisville,15,9
1501,2016,20,Florida,20,30,,Iowa,21,3
1502,2016,20,Oklahoma,7,35,,Auburn,17,19
1503,2016,20,Southern California,9,52,,Penn State,5,49
1504,2016,20,Wisconsin,8,24,,Western Michigan,12,16
1505,2016,21,Clemson,3,35,,Alabama,1,31
1506,2017,2,Alabama,1,24,,Florida State,3,7
1507,2017,2,Michigan,11,33,,Florida,17,17
1508,2017,2,Virginia Tech,21,31,,West Virginia,22,24
1509,2017,3,Clemson,3,14,,Auburn,13,6
1510,2017,3,Georgia,15,20,@,Notre Dame,24,19
1511,2017,3,Oklahoma,5,31,@,Ohio State,2,16
1512,2017,3,Southern California,6,42,,Stanford,14,24
1513,2017,4,Clemson,3,47,@,Louisville,14,21
1514,2017,4,Florida,24,26,,Tennessee,23,20
1515,2017,5,Georgia,11,31,,Mississippi State,17,3
1516,2017,5,Texas Christian,16,44,@,Oklahoma State,6,31
1517,2017,6,Washington State,16,30,,Southern California,5,27
1518,2017,6,Auburn,13,49,,Mississippi State,24,10
1519,2017,6,Clemson,2,31,@,Virginia Tech,12,17
1520,2017,7,North Carolina State,24,39,,Louisville,17,25
1521,2017,7,Texas Christian,8,31,,West Virginia,23,24
1522,2017,9,Notre Dame,13,49,,Southern California,11,14
1523,2017,9,Penn State,2,42,,Michigan,19,13
1524,2017,10,Iowa State,25,14,,Texas Christian,4,7
1525,2017,10,Notre Dame,9,35,,North Carolina State,14,14
1526,2017,10,Ohio State,6,39,,Penn State,2,38
1527,2017,10,Oklahoma State,11,50,@,West Virginia,22,39
1528,2017,11,Alabama,1,24,,Louisiana State,19,10
1529,2017,11,Clemson,6,38,@,North Carolina State,20,31
1530,2017,11,Miami (FL),9,28,,Virginia Tech,13,10
1531,2017,11,Michigan State,24,27,,Penn State,7,24
1532,2017,11,Oklahoma,8,62,@,Oklahoma State,11,52
1533,2017,11,Southern California,17,49,,Arizona,23,35
1534,2017,11,Washington State,25,24,,Stanford,18,21
1535,2017,12,Alabama,1,31,@,Mississippi State,18,24
1536,2017,12,Auburn,10,40,,Georgia,2,17
1537,2017,12,Miami (FL),7,41,,Notre Dame,3,8
1538,2017,12,Ohio State,11,48,,Michigan State,13,3
1539,2017,12,Oklahoma,5,38,,Texas Christian,8,20
1540,2017,12,Oklahoma State,12,49,@,Iowa State,24,42
1541,2017,12,Wisconsin,6,38,,Iowa,25,14
1542,2017,13,Wisconsin,5,24,,Michigan,19,10
1543,2017,14,Central Florida,13,49,,South Florida,22,42
1544,2017,14,Auburn,6,26,,Alabama,1,14
1545,2017,14,Stanford,20,38,,Notre Dame,9,20
1546,2017,14,Washington,15,41,,Washington State,14,14
1547,2017,15,Southern California,11,31,,Stanford,14,28
1548,2017,15,Central Florida,12,62,,Memphis,16,55
1549,2017,15,Clemson,1,38,,Miami (FL),7,3
1550,2017,15,Georgia,6,28,,Auburn,4,7
1551,2017,15,Ohio State,8,27,,Wisconsin,3,21
1552,2017,15,Oklahoma,2,41,,Texas Christian,10,17
1553,2017,19,Michigan State,18,42,,Washington State,21,17
1554,2017,19,Oklahoma State,17,30,,Virginia Tech,22,21
1555,2017,19,Texas Christian,13,39,,Stanford,15,37
1556,2017,19,Ohio State,5,24,,Southern California,8,7
1557,2017,19,Penn State,9,35,,Washington,12,28
1558,2017,19,Wisconsin,6,34,@,Miami (FL),11,24
1559,2017,20,Alabama,4,24,,Clemson,1,6
1560,2017,20,Central Florida,10,34,,Auburn,7,27
1561,2017,20,Georgia,3,54,,Oklahoma,2,48
1562,2017,20,Notre Dame,14,21,,Louisiana State,16,17
1563,2017,21,Alabama,4,26,,Georgia,3,23
1564,2018,2,Auburn,9,21,,Washington,6,16
1565,2018,2,Notre Dame,12,24,,Michigan,14,17
1566,2018,2,Louisiana State,25,33,,Miami (FL),8,17
1567,2018,2,Virginia Tech,20,24,@,Florida State,19,3
1568,2018,3,Georgia,3,41,@,South Carolina,24,17
1569,2018,3,Stanford,10,17,,Southern California,17,3
1570,2018,4,Louisiana State,12,22,@,Auburn,7,21
1571,2018,4,Ohio State,4,40,,Texas Christian,15,28
1572,2018,4,Oklahoma State,24,44,,Boise State,17,21
1573,2018,5,Alabama,1,45,,Texas A&M,22,23
1574,2018,5,Stanford,7,38,@,Oregon,20,31
1575,2018,6,Notre Dame,8,38,,Stanford,7,17
1576,2018,6,Ohio State,4,27,@,Penn State,9,26
1577,2018,6,Oregon,19,42,@,California,24,24
1578,2018,6,Washington,11,35,,Brigham Young,20,7
1579,2018,6,West Virginia,12,42,@,Texas Tech,25,34
1580,2018,7,Florida,20,27,,Louisiana State,5,19
1581,2018,7,Notre Dame,6,45,@,Virginia Tech,24,23
1582,2018,7,Texas,19,48,,Oklahoma,7,45
1583,2018,8,Louisiana State,13,36,,Georgia,2,16
1584,2018,8,Michigan,12,38,,Wisconsin,15,13
1585,2018,8,Oregon,17,30,,Washington,7,27
1586,2018,9,Clemson,3,41,,North Carolina State,16,7
1587,2018,9,Louisiana State,5,19,,Mississippi State,22,3
1588,2018,9,Michigan,6,21,@,Michigan State,24,7
1589,2018,9,Washington State,25,34,,Oregon,12,20
1590,2018,10,Georgia,7,36,,Florida,9,17
1591,2018,10,Penn State,17,30,,Iowa,18,24
1592,2018,10,Washington State,14,41,@,Stanford,24,38
1593,2018,11,Alabama,1,29,@,Louisiana State,4,0
1594,2018,11,Georgia,6,34,@,Kentucky,11,17
1595,2018,11,Michigan,5,42,,Penn State,14,7
1596,2018,11,West Virginia,12,42,@,Texas,15,41
1597,2018,12,Alabama,1,24,,Mississippi State,18,0
1598,2018,12,Clemson,2,27,@,Boston College,17,7
1599,2018,12,Ohio State,8,26,@,Michigan State,24,6
1600,2018,13,Central Florida,11,38,,Cincinnati,19,13
1601,2018,13,Notre Dame,3,36,,Syracuse,12,3
1602,2018,13,Texas,13,24,,Iowa State,18,10
1603,2018,14,Oklahoma,6,59,@,West Virginia,12,56
1604,2018,14,Washington,16,28,@,Washington State,7,15
1605,2018,14,Boise State,21,33,,Utah State,14,24
1606,2018,14,Ohio State,10,62,,Michigan,4,39
1607,2018,15,Washington,10,10,,Utah,17,3
1608,2018,15,Alabama,1,35,,Georgia,4,28
1609,2018,15,Fresno State,25,19,@,Boise State,19,16
1610,2018,15,Ohio State,6,45,,Northwestern,21,24
1611,2018,15,Oklahoma,5,39,,Texas,9,27
1612,2018,19,Syracuse,17,34,,West Virginia,15,18
1613,2018,19,Washington State,12,28,,Iowa State,25,26
1614,2018,19,Alabama,1,45,,Oklahoma,4,34
1615,2018,19,Clemson,2,30,,Notre Dame,3,3
1616,2018,19,Florida,10,41,,Michigan,8,15
1617,2018,21,Kentucky,16,27,,Penn State,13,24
1618,2018,21,Louisiana State,11,40,,Central Florida,7,32
1619,2018,21,Ohio State,5,28,,Washington,9,23
1620,2018,21,Texas,14,28,,Georgia,6,21
1621,2018,21,Clemson,2,44,,Alabama,1,16
1622,2019,2,Auburn,16,27,,Oregon,11,21
1623,2019,3,Clemson,1,24,,Texas A&M,12,10
1624,2019,3,Louisiana State,6,45,@,Texas,9,38
1625,2019,5,Auburn,8,28,@,Texas A&M,17,20
1626,2019,5,Georgia,3,23,,Notre Dame,7,17
1627,2019,5,Wisconsin,13,35,,Michigan,11,14
1628,2019,6,Notre Dame,10,35,,Virginia,18,20
1629,2019,6,Washington,17,28,,Southern California,21,14
1630,2019,7,Florida,10,24,,Auburn,7,13
1631,2019,7,Michigan,19,10,,Iowa,14,3
1632,2019,7,Ohio State,4,34,,Michigan State,25,10
1633,2019,8,Alabama,1,47,@,Texas A&M,24,28
1634,2019,8,Louisiana State,5,42,,Florida,7,28
1635,2019,8,Oklahoma,6,34,,Texas,11,27
1636,2019,8,Penn State,10,17,@,Iowa,17,12
1637,2019,9,Oregon,12,35,@,Washington,25,31
1638,2019,9,Penn State,7,28,,Michigan,16,21
1639,2019,9,Utah,13,21,,Arizona State,17,3
1640,2019,10,Louisiana State,2,23,,Auburn,9,20
1641,2019,10,Michigan,19,45,,Notre Dame,8,14
1642,2019,10,Ohio State,3,38,,Wisconsin,13,7
1643,2019,11,Georgia,8,24,,Florida,6,17
1644,2019,11,Memphis,24,54,,Southern Methodist,15,48
1645,2019,12,Louisiana State,1,46,@,Alabama,2,41
1646,2019,12,Minnesota,13,31,,Penn State,5,26
1647,2019,12,Wisconsin,16,24,,Iowa,18,22
1648,2019,13,Georgia,5,21,@,Auburn,13,14
1649,2019,13,Iowa,23,23,,Minnesota,7,19
1650,2019,13,Notre Dame,16,52,,Navy,21,20
1651,2019,13,Oklahoma,10,34,@,Baylor,12,31
1652,2019,13,Penn State,9,34,,Indiana,24,27
1653,2019,14,Georgia,4,19,,Texas A&M,24,13
1654,2019,14,Ohio State,2,28,,Penn State,9,17
1655,2019,15,Memphis,17,34,,Cincinnati,18,24
1656,2019,15,Auburn,16,48,,Alabama,5,45
1657,2019,15,Ohio State,2,56,@,Michigan,10,27
1658,2019,15,Oklahoma,7,34,@,Oklahoma State,21,16
1659,2019,15,Wisconsin,13,38,@,Minnesota,9,17
1660,2019,16,Oregon,13,37,,Utah,5,15
1661,2019,16,Clemson,3,62,,Virginia,22,17
1662,2019,16,Louisiana State,1,37,,Georgia,4,10
1663,2019,16,Memphis,16,29,,Cincinnati,21,24
1664,2019,16,Ohio State,2,34,@,Wisconsin,10,21
1665,2019,16,Oklahoma,6,30,,Baylor,8,23
1666,2019,19,Iowa,19,49,,Southern California,22,24
1667,2019,19,Clemson,3,29,,Ohio State,2,23
1668,2019,19,Louisiana State,1,63,,Oklahoma,4,28
1669,2019,19,Penn State,13,53,,Memphis,15,39
1670,2019,21,Alabama,9,35,,Michigan,17,16
1671,2019,21,Georgia,5,26,,Baylor,8,14
1672,2019,21,Minnesota,16,31,,Auburn,9,24
1673,2019,21,Oregon,7,28,,Wisconsin,11,27
1674,2019,22,Louisiana State,1,42,,Clemson,3,25
